-- phpMyAdmin SQL Dump
-- version 5.1.0
-- https://www.phpmyadmin.net/
--
-- Host: 127.0.0.1
-- Czas generowania: 23 Lut 2022, 15:32
-- Wersja serwera: 10.4.18-MariaDB
-- Wersja PHP: 8.0.3

SET SQL_MODE = "NO_AUTO_VALUE_ON_ZERO";
START TRANSACTION;
SET time_zone = "+00:00";


/*!40101 SET @OLD_CHARACTER_SET_CLIENT=@@CHARACTER_SET_CLIENT */;
/*!40101 SET @OLD_CHARACTER_SET_RESULTS=@@CHARACTER_SET_RESULTS */;
/*!40101 SET @OLD_COLLATION_CONNECTION=@@COLLATION_CONNECTION */;
/*!40101 SET NAMES utf8mb4 */;

--
-- Baza danych: `przychodnia`
--

-- --------------------------------------------------------

--
-- Struktura tabeli dla tabeli `tappdetail`
--

CREATE TABLE `tappdetail` (
  `description` varchar(255) DEFAULT NULL,
  `appointment_appointmentId` int(11) NOT NULL
) ENGINE=MyISAM DEFAULT CHARSET=utf8mb4;

--
-- Zrzut danych tabeli `tappdetail`
--

INSERT INTO `tappdetail` (`description`, `appointment_appointmentId`) VALUES
('Badanie kontrolne', 3);

-- --------------------------------------------------------

--
-- Struktura tabeli dla tabeli `tappointment`
--

CREATE TABLE `tappointment` (
  `appointmentId` int(11) NOT NULL,
  `status` varchar(255) DEFAULT NULL,
  `appSlot_appSlotId` int(11) DEFAULT NULL,
  `patient_patientId` int(11) DEFAULT NULL
) ENGINE=MyISAM DEFAULT CHARSET=utf8mb4;

--
-- Zrzut danych tabeli `tappointment`
--

INSERT INTO `tappointment` (`appointmentId`, `status`, `appSlot_appSlotId`, `patient_patientId`) VALUES
(3, 'Zakończona', 1, 1),
(4, 'Zaplanowana', 19, 1);

-- --------------------------------------------------------

--
-- Struktura tabeli dla tabeli `tappslot`
--

CREATE TABLE `tappslot` (
  `appSlotId` int(11) NOT NULL,
  `appointmentDate` date DEFAULT NULL,
  `appointmentTimeStart` time DEFAULT NULL,
  `dayOfWeek` varchar(255) DEFAULT NULL,
  `isAvailable` bit(1) NOT NULL,
  `doctor_doctorId` int(11) DEFAULT NULL
) ENGINE=MyISAM DEFAULT CHARSET=utf8mb4;

--
-- Zrzut danych tabeli `tappslot`
--

INSERT INTO `tappslot` (`appSlotId`, `appointmentDate`, `appointmentTimeStart`, `dayOfWeek`, `isAvailable`, `doctor_doctorId`) VALUES
(1, '2021-10-14', '12:00:00', 'czwartek', b'0', 1),
(2, '2021-10-14', '13:50:00', 'czwartek', b'1', 1),
(17, '2021-10-14', '14:44:00', 'czwartek', b'1', 1),
(18, '2021-10-14', '18:28:00', 'czwartek', b'1', 1),
(19, '2021-11-11', '14:40:00', 'czwartek', b'0', 1);

-- --------------------------------------------------------

--
-- Struktura tabeli dla tabeli `tdoctor`
--

CREATE TABLE `tdoctor` (
  `doctorId` int(11) NOT NULL,
  `PWZNumber` varchar(255) DEFAULT NULL,
  `name` varchar(255) DEFAULT NULL,
  `phone` varchar(255) DEFAULT NULL,
  `surname` varchar(255) DEFAULT NULL,
  `speciality_specialityId` int(11) DEFAULT NULL,
  `user_userId` int(11) DEFAULT NULL
) ENGINE=MyISAM DEFAULT CHARSET=utf8mb4;

--
-- Zrzut danych tabeli `tdoctor`
--

INSERT INTO `tdoctor` (`doctorId`, `PWZNumber`, `name`, `phone`, `surname`, `speciality_specialityId`, `user_userId`) VALUES
(1, 'PWZ78961', 'Anna', '456456451', 'Nowak', 1, 5),
(2, 'PWZ789', 'Maria', '123003002', 'Działo', 1, 6),
(3, 'PWZ23', 'Jarosław', '599492332', 'Pospieszalski', 5, 7);

-- --------------------------------------------------------

--
-- Struktura tabeli dla tabeli `tdoctorlist`
--

CREATE TABLE `tdoctorlist` (
  `doctorListId` int(11) NOT NULL,
  `doctor_doctorId` int(11) DEFAULT NULL,
  `patient_patientId` int(11) DEFAULT NULL
) ENGINE=MyISAM DEFAULT CHARSET=utf8mb4;

--
-- Zrzut danych tabeli `tdoctorlist`
--

INSERT INTO `tdoctorlist` (`doctorListId`, `doctor_doctorId`, `patient_patientId`) VALUES
(1, 1, 1),
(2, 1, 2);

-- --------------------------------------------------------

--
-- Struktura tabeli dla tabeli `tdoctorschedule`
--

CREATE TABLE `tdoctorschedule` (
  `doctorScheduleId` int(11) NOT NULL,
  `dayOfWeek` varchar(20) DEFAULT NULL,
  `endOfWork` varchar(255) DEFAULT NULL,
  `startOfWork` varchar(255) DEFAULT NULL,
  `doctor_doctorId` int(11) DEFAULT NULL,
  `office_officeId` int(11) DEFAULT NULL
) ENGINE=MyISAM DEFAULT CHARSET=utf8mb4;

--
-- Zrzut danych tabeli `tdoctorschedule`
--

INSERT INTO `tdoctorschedule` (`doctorScheduleId`, `dayOfWeek`, `endOfWork`, `startOfWork`, `doctor_doctorId`, `office_officeId`) VALUES
(4, 'środa', '16:00:00', '09:00:00', 1, 1),
(2, 'poniedziałek', '15:00:00', '08:00:00', 1, 3),
(3, 'wtorek', '20:00:00', '12:00:00', 1, 1),
(6, 'czwartek', '16:00:00', '10:00:00', 1, 1),
(8, 'piątek', '15:00:00', '08:00:00', 1, 1),
(9, 'poniedziałek', '12:00:00', '08:00:00', 2, 1),
(11, 'wtorek', '18:00:00', '10:00:00', 2, 2),
(12, 'środa', '16:00:00', '10:00:00', 2, 2),
(13, 'czwartek', '20:00:00', '12:00:00', 2, 3);

-- --------------------------------------------------------

--
-- Struktura tabeli dla tabeli `toffice`
--

CREATE TABLE `toffice` (
  `officeId` int(11) NOT NULL,
  `description` varchar(255) DEFAULT NULL,
  `floor` int(11) NOT NULL,
  `roomNumber` int(11) NOT NULL,
  `isAvailable` bit(1) NOT NULL
) ENGINE=MyISAM DEFAULT CHARSET=utf8mb4;

--
-- Zrzut danych tabeli `toffice`
--

INSERT INTO `toffice` (`officeId`, `description`, `floor`, `roomNumber`, `isAvailable`) VALUES
(1, 'Gabinet zabiegowy', 1, 101, b'0'),
(2, 'Gabinet okulistyczny', 2, 202, b'0'),
(3, 'Gabinet Stomatologiczny', 1, 103, b'1'),
(8, 'Gabinet zabiegowy', 1, 104, b'0');

-- --------------------------------------------------------

--
-- Struktura tabeli dla tabeli `tpatient`
--

CREATE TABLE `tpatient` (
  `patientId` int(11) NOT NULL,
  `PESEL` varchar(255) DEFAULT NULL,
  `dateOfBirth` date DEFAULT NULL,
  `name` varchar(255) DEFAULT NULL,
  `phone` varchar(255) DEFAULT NULL,
  `surname` varchar(255) DEFAULT NULL,
  `user_userId` int(11) DEFAULT NULL
) ENGINE=MyISAM DEFAULT CHARSET=utf8mb4;

--
-- Zrzut danych tabeli `tpatient`
--

INSERT INTO `tpatient` (`patientId`, `PESEL`, `dateOfBirth`, `name`, `phone`, `surname`, `user_userId`) VALUES
(1, '90062012345', '1990-06-20', 'Jan', '654654652', 'Kowalski', 2),
(2, '54051812545', '1954-05-18', 'Józef', '456456451', 'Chmiel', 3),
(3, '54051812545', '1954-05-18', 'Józef', '456456456', 'Chmiel', 4);

-- --------------------------------------------------------

--
-- Struktura tabeli dla tabeli `tspeciality`
--

CREATE TABLE `tspeciality` (
  `specialityId` int(11) NOT NULL,
  `specialityName` varchar(255) DEFAULT NULL
) ENGINE=MyISAM DEFAULT CHARSET=utf8mb4;

--
-- Zrzut danych tabeli `tspeciality`
--

INSERT INTO `tspeciality` (`specialityId`, `specialityName`) VALUES
(1, 'Internista'),
(2, 'Kardiolog'),
(3, 'Pulmolog'),
(4, 'Stomatolog'),
(5, 'Chirurg');

-- --------------------------------------------------------

--
-- Struktura tabeli dla tabeli `tuser`
--

CREATE TABLE `tuser` (
  `userId` int(11) NOT NULL,
  `login` varchar(255) DEFAULT NULL,
  `password` varchar(255) DEFAULT NULL,
  `role` varchar(255) DEFAULT NULL,
  `photo` blob DEFAULT NULL
) ENGINE=MyISAM DEFAULT CHARSET=utf8mb4;

--
-- Zrzut danych tabeli `tuser`
--

INSERT INTO `tuser` (`userId`, `login`, `password`, `role`, `photo`) VALUES
(1, 'admin', 'admin', 'ADMIN\r\n', NULL);
INSERT INTO `tuser` (`userId`, `login`, `password`, `role`, `photo`) VALUES
(2, 'pacjent1', 'pacjent1', 'Pacjent', 0x89504e470d0a1a0a0000000d49484452000001000000010008060000005c72a8660000a5d44944415478daecbd0780dcd6752efc0198be6db671d9b96cea22a94a29962cca45b6e226dba9cf2592fddeb36327b115c7cecbffbf44f25f123bce7b927b496229ae71952cf74a4ab25c64cbea9d6259f625b7ef4e1fe0dd730b702f80d95dcab256b33b879c0570819901eee0fb4ebd17165ad292962c59b116fa045ad292962c9cb408e0772c97f522cf16dbd86b50bebae43617db727624d369fff86ab904d773f58f1867affbb4eddbe57217edbb7dc4d8d792969c94b408e0191406760236bdb666b26ddb1cc7d9c6c09defce2590cb66d091b290c9b5a13b6bc3623d6fb3033bd336920edbf03cf69fbd589bcbd7c5b2507531315584ebd65164ebe35305d4ea1e46268b6cbb8ee96299befa3ef92272b8af450a2d99afb408e0b71009f81da954e6b27436bb239349e7fb3ab3e8cbb7a32d65a39d013e9bb438d02dfa67797c09b6b42dd96e897d241ed3fcae2402d783bf745d57ae4b926006429d9385872a2783194c4c97313255c609460c955a8dac865b2108e1564608e30bdd572d796e4a8b004e5218e8af628b57b57574edc8e532832bfbbad0dd9e4617d3e4998425006d0948db72dd6640556d02f0f0d76ded17f014c0c304c041ef1a04105809ac9d7dbeeb7a7c9dda268b559c9828e2f06801e3d305fa6822836f3022b879a1fbaf25cf2d6911c03cc4077d7be755ddf9f6fcb29e4ef4b733b33e294d7902b9d4e4b644b6da5620d741af3a5d1084d826e092286def019ad617ed060170d06b5603fb57775ddf752042a0f572ad8e238c088e8e15303153244be066f6fa2023837d0bddaf2d59786911400361a01f648bab13c9d49ff5f6740faee8efc6b20e0769c7f241cfb53a5fb703a0ab7d90040018fb14110001210012fd9e6e05c00736b7063402e0c0f7b57e400281fba0c8c1d3c8c0c354a98a438c0c8647a751735db20a8808762d745fb764e1a445002161c0dfc116efc8647357ad5dd18781ee36eecb0760b7f80bdabaa5b74107bbe85e718c72033c8d003c88a30401082b4080dff0f93d13e8ca02f0e641003c56a0b907f4155566151c1e2be1d0f14954ebf55dace99a9645b034a545005218f0af668b77e4bbbab6ad59d18bfece1412ca9ff7816e825ed7fefe3660c4011411889880c71b14e02d0978df02506bbe692f2d020440f7411f6301f8a4e17a3e51d43dd78f1588a57c2f9103db7ff0f8340e8d4cd367dcc8bef9bdad80e1d292254f0012f8d77575750dae5fd58b9eb6a400ab6d6920d6c16f1b2e005fdababf1f5802badf0f1e1ff00cf35fd8fcaac1332d0057c501dcc02208697d3f1828012d48c00dcc7f57033ec507601200242194ab2ef61d9bc4e85481c04fd6c0ad0bfdbbb4e4d991254b00d2d4bfa12d97dbb67e4d3f7a3b325a5a8ebd7c02b002df1e12f4b6097e5b1ea7882212ed97dfe9c7023c98913f2e411d0034cd2f88408b09b8aa564023002f30f1794e40b58708c0955fa913405d1a20440fe3d315ec39328e5abd7e336bbdb6650d2c7e59720420837b372513c91d1bd6f4a1bfbb5d001a9669befb667c006a3a8e93806d05efb155aa4f2300d9abca0a003c3f1e10108332fd2d690878921084860f2c01575a0201d895f96f040bc33504ae17750bd4e7402712f80440c7d6985fb0e7e81426a68b544c744daba86871cb92220006feebd9e2ba5503bd58b52c8f24a5f1001fcc7aeedeb702740250bebfad07ffa0c5082c3faf6fa6fda4cf2fd4be4f10966601789e672c8586969a9ab6dd2035680608f5d4a1a7697e9531d08f8720019d005c1585d08e63dbc7464b387462822c8057b732058b57960401c88abd9bdab36966ee2f437b2e1d005b4fe92114c08b2306dff4d7c1cf3d7c2305283ad70b2c02a9ec95f96ff91a5f8a66050803c0f3cdf54856002a2d889035a001ddaf19f04ccb005aaa110101280b40910abdc60b35ec3b3c4a7bae6915112d4e59f404405a9f99e2d7ad1ce8c1ca816ecd4f57453b5a641f3049204c0c206bc10e406f5ba66520cb7b81c00d10ef6544e05992003cbfd72d83003c49001a48d5b601604db3abe3549a0f304d7e2f0822fac7032122d1da601200b5174a353c756894d2892d125884b2680940fafab764d3e96d836bfad1964d6bda5e2bd2b14316000202308ef5837b3156002ced3daa63adc0ff57d57f220bc88116c40600e83ebf4f0241941e5a0e3f48e7e960757dcd1feb1e40cb2a20fc5ee916e82e842200791e85720d7b0f8db5486011caa2240019e1bfa52fdf915fbdb2d7d4da0801de0fe2c124013bea0698c460450945660aa095fbaa1880a5757510009412f2ff1132fdf5d2604fd3d4ae8c0eba6ee0bb0beb4003bd4e0cf2b3dd30d0a15917be6581c04d60cb99529db9036374c439adc0e0e2914547000cfcef746cfb8695cb7bd0dbdd11cde5038669ef57ed85dd00db3234be59bfaf99fcdafb0da2501dacaf1b671a9080a5b8c007b7320ac2b5003c4760823aa66a30a8198071ac9f4d0801dd278f180220d250643159a8e2e0b1710a0cae6fa50817872c2a0260e0bf29954c5dbd6e751fb2d2e40f801e0ee645e300a6a91f1f0c0cbb024116c1acfa83960e0cc60598797f7d116c079a1c86e687a1fd3d68d17e200804ead17ca3a0282016230ba001ddb036e47803737e02ca0e14303639b38b11c0e50bfd7bb7e4b79745410072d69d9bda72b9abd632f0271c5b00ce0ec06a5baa2e1f8655c02d82066e006cd37a8823015bb730e43e682402cdf8d709c0afff57db5af45f2dfcac80911190daddd340aa060bf96e836631182e441060d45d0017211723ce3590044044b3ffc804cad52a150addb8d0bf7d4b7e3b697a0290e0dfd9d9d9b96dd5f26e59a51768772b04f8704a4f6dc75a0108bb02a2cb4c12805604646a7fb50e4f2304e5e793ddefc9eef73c631998ff0120e19bff51133e521b8018ed0f6824820801e8c5409e511b009f585c51a18462d9c581a363e3321eb06fa1ef81963c7d696a0250e0efefefddd6dbd326808850014f8c1b60c559015608ec68e40a043a3d4c02d08e3502817e477bb11dee8508401ce949374007b067160a01460d806f1d0081ffaf7dbe912590c7b8da77056945cd52d03e2f789f87e1f12226a60a373302b866a1ef83963c7d695a0290c53d3bfbfa7af3bddd6d41200f26507537c0270244c13e9b1580799280a56500747741a5fd7c17401506412df5e8bfdad6080008b901e21855f5e7c9526055d0a3d287c1fbc366bdb9ede9da5fab0130472206e7e0f2926160bf28125adfb2029a579a920008fc9665ef1c58d19fefc8a582fcbb618ee3a4ac80395d01f9c78c09c84e0c0dfd853a5eeb64c3ff57fb62d27f62e1a7014cd07bbab60ec0ef7aca60d7404a6f570389800801a84244d7f80ebd06c00b2a04758b40db77628c5901d32d2ba099a5e90840817f39037f8ec00f3d17af015c8fdc37b20242b1803059c49180658535bfe577a4df997ec050697cad28481daca5fec4c20b5da902bde77b06aada4f1f32ac5c01dd8c77b5f7e9da1fd0006c68f9067105a85263f8a67f506f003e3bf18123bc36a0bb95166c4e692a02f035fff2fe7c369b8cd4f18723fcb35901883b1e8115e097f5eaf100e8c1bd9015a0f56670bc6af0b4ced64a827cd0ab0c80b1e56700c2e5c1baf62731480021ff5f1eabf6ebf30084cd7c845d03c0a830346a06e4fb8747a631532cd34422d72ff4fdd1929397a62100e5f39fbe6d5b3ec19059ab94502e4e1be93bc30dc0dc56c05cae80fed9aab3326ded7ea739b6836436ebefa3572ad7ae99fb9e3f08c8ef7005d67a8d3f0484e05429cea05eadf2977a9f5915083f2be0835d01162102704364e1c12490b0958038ed1fb52882ba01bd9e0028966a387662621f2380f50b7d8fb4e4e4a5990860ef59e75f30b87afd7aedc4459d7d716ad26fab9666e0d6eba696f642f97958be1fae5c019254260bc74988764bdcf0d95cbba9dd7dabde93e93d5f5f6366ec0494995f2916d8b914fcfde18ea6ef4aa6b3b0d9f765da3a04b8d879d37bca8569b62ca25e9784a099f372335efb4b54ea65c1faf19182204f077554fb1bc7ba7ab11034b2f070f8d804cd2dd82a116e42690a02a0dafe6432b973eb45dbd1d6d9894422d9b0d4560dc1f5b755ee9ea3d00b1dab7f8682a9aadbf7509a9ee420a4adf2d4045baff1f512add7aafc7d336323c6e7843f3bdc1edbf96c259deb409a5917d98e3c329d5d482433a8322ba7c2c880c80406f8753208f9fa08347df8f88034e22c021139d4f3ffe10c40955928b46e271206018c4f95303955b89111c0b50b7dafb4e4e4a4590860902df6a653c11cfb3a1174767737acc1372bf282201c1142b55c649ab6e41fe3325013e823a4124e0902b31050b0d3880f68c737fa11f430602adb86cefe15c875e6f97685590415661da8609eef16181a3b26f7af811a5e784e8098e8bfdaa762006a7661669d4c4f8c738b25dbd119641ad84aa55ac7d1e32d37a019a52908808491c02d8e8dab92499873f7211ea0b6b66ecd727c2370cf4a0231fbc3c4a08e0977f2c976b8e538dc2ae8ec1b80653b9c04c855f0b5391a6bfa30f87dd022a8ea1351fe68a5a09e3da0d18553e3a3fe7159464a363b173d3078f438594b2d37a0d9a499088057fd310b605b2a197dd046ec7a2340ebed387912d0b7f54ed4dbc2ed88699f8f78da4a7b4f3f071f15fdd46b350ddca65ba0e7f97d6bc0cf0a44dd063db0171c17cc2a3c3331819aff7d40329de1168a4e00e31305145ad980a693a62100124902d7b1937e67c261667232b888f968f8a85b10d32e1b672301c41cab7766b8bdca80c4ac642ea59a8cc037e8fd0cbb2e7a58705bd2740948683b914aa3bdbb97f9e149d3cf57e0778394623cf8c339fe40fb0366f6a0cef6cd4c8ea356ad99650bb68db6ae6ea32ea054ae61746caa354ab0c9a4a90840899cf0838860079140c28eb70848e6e30a007393001aec23a9b9e2c5e7d8af0bbfb95417a0af4ae46cd9723a5f0e0cf46160599f7c6750d6ab50fbc0838f6166ba803dfb0e7232c8250519e4a4d5c3330f0c803906c074aecd27934675ff86560f815f696fb3ce4056fcb10f9e66e0e7968696f653ebb98e2eee92e8e30a8e0e8fe1f691e6bca796aa34f58f251fdaf90e2202b208d2098869bad1d815001a9340a51e3d8e29365fe8e6afd483eda25c6f6f6bc3c64deb3810b66e3b932364ebb633f81bb6c825343006d57dae56ec23db45d21d6eb588071e7a020f3efc247e71f783d8bbff30ba524077465c27495bbe1729460208815f4df56dc40362401e374c58590514f06b047e7aa5d259243359a3f47874640ad55aedf2d62cc2cd234d4d004aa848a8bfabed86a9427947a95a7bda9fb371c33ab4b5b7193efb864debd1ceda8458d8b879101d723bd8a715fe40afed57480c12e71e34b0fb35bac1ba27d432bc5a191ed501c8b6e1e111fc68d7ddb8edbb77c262e4d09f63be3823bb1c2381742e1780dff5cf225efb37caf3cbe3eaacff6678cab31e0b7e7559e4825051946a274b607aba8442a1d48a0334912c0a0220f9d13b5eb873c3b6ad3bfa07d7c34a65f9a559e2a91d7e1a50acfb258122df2f2b0355a59005cd6c08afab8f0939e7c1e01db1a5832f70aedd800434620880ef9a56805b63ffcb10138206a431cddc832f7cf5fbf8e6f77e8a1e660df464c912e8412a933322f9e2eb43dadf0d3207aac4d8454000955209c5e9a948b51fbc782b80e200ea33e83d65662e4d4e4cb7e2004d248b8900bcad2f7c01324c235a8e709815b015d039c0551bdfb4030280769c4100a28b2c6b8eae8a0cea3135bb7f4cd8e4e7fbdc1019f0dc1b3ca6e93dd73508421db377df21dcf8892fe1f0c123186807baba190964739a2b100a06ce027eb7465a7f0ab56a2556dbfbe00f6d67731dbc28485508d6eb2e730326c71901742ff4fdd092f9c9a2200006fe1de95c762711809de914a01613f76b0420416c995681affd2df970307d2a1fb96e694410749cd80e06eec83fbaaf6f9000b464bd1beb0a185600fdab3237a0560db90eae41141f6424b0ebcedf60450790e72490f5cf2b303474f007e67ea55ce1e311a8c828d6d447880042c490e4e5cc19a3f478ec0459106e6b8e802691c54200d7f7af597ddd8673cf8395cef14860ac796f85daac509b2a21f2a3836a761f6521a85e0b779b8aa407dadef0ef8d3880db10f8664c80d20a75b89552c40d081fffe33b7e8d8f7ceaab58ce2c81b6f61cafd42357474fed914f4faf6aa5cc837bd54ac59f3e5c5ec19ce00fb73bc924d2d976633291a98902950cb702814d228b85006e61feff55fd1b36c14aa40401589acf0f3d0e6087dc00ad0d0131189a5f59117eafc5749b17d6f6ae6109e80016f6b71b98ea52b31ba4a0ac095efe1bef06e816c38f18097cf45fbf86658c0452ec929d549a9f56ad5ae5c53cba1faf4eebb701bf2807709069ef30028a8599324ac55620b05964b110c0d859975d9a6f5fb6926a67a5f91f023be6d0fe962a20d6dd8510f8357722e8bab0f60ff9f8e1fd31168069d68b625d4f81b652e44387632d85d0fb6efbde5df8cc17bfc36302622a32fff4d49946827ae2bb66d96e100054c7e5baf2be5b4161864ab98ac274e1564600af5ee8fba225734bd3130003ff205becbdf0152f839dedf2a7f236027cbe7f1f1307f03303a6056085dc06d38a08755b43e087b4b9d798047c70ebefa3541c1180017c398da71be70eb8f8a70f7e0e0f3ef818af17309393f15ade5f972b1ee60f7e1e08641600f5a74805521ab18ee9c95626a059643110c08ecedede9da75f7209ec749b3e9b87a6c595890f1fec961fedb70d9007db68e04258086704e2f2f97a84dfd3d37f1af8c3013df3fdaef0ffdd9aff3e43f3bb3ab904fb86874771eddf7f14ed76891745f1f3937f4e06fc71667f789b5ee96c9b181eec87393c4c8e4eb62a029b449afe47a200e0f20debaf5bb7ed1c762366829a605f7bdbb11a3d1a1054e67f9c6b10132cd47b2e9cc20b69f3385f1f2ad517b60e54408d5272bc0ec08b2180a8e6d72d890f7dea6bf8c52fef43571611e0cbd39d950ce60b7e9e0948679048a70d02981e9da2656b9ec02690c540003c00b86cd329b01249096418dadb7405b46d1e2c844900b124118e0dd87e90301290830e4a200cfc30099816803c8688a15c6808f2d908805ec78e8fe22d7ff3bfb1ac4d8b052046eb630e32984760d049a6644930fcd463717286320ead4c4013c86220807b4fffbd8bb675ad5a0fcb994b93db7e5aaf210168d58281d5a013806db801663e3fa6a00771a08f0b0406e6bc5b2ef214e0d325008fc702be80471f7e0cd994096ab59ccd0500660f0ceaefa50942f8d060d51bcc35294e1588005ecd08e0d685be3f5a32bb2c0602f02e7ce5cb790190a51ef4a7800c8482817104a0cc795504a4ac04931c0232807f1c1795f28b090006e6bdeef7c7f8feba2f5fab70f37f3e209f6ddf4feefc0d3efee95bd19d0bb900616087dae622833071d088c074ae1dbeebc21acb85126a956a2b15d804d2d404c0c0bf2d9dcbdebbedc52f86956a97a046a802d00a1180590aac07fcccf7d906d82d6541e84305490c333faece5f0327745700c13ef5fe7a4d46fde707f24631005acecc14f0fab7bf8f1380ad4eb581d68f6b6b9409d08f55c490935384a90ac36a912a0c5b93833483343b01ece8ecedd979faa597c14a663502d0c18e987a8018ed6e85df171f3b505de6e33f28b7d3b61b9bf9f08b72a2c0e57ebfebfac7855d88d82c804a0bc6b817fff4a12fe091871f474a0e1f9ed5123899c060e8f86c7ba70f7e6aaf962aa895cbad5a802690662780eb97af1fbc6edd39e7f30140dc3fb703d0eba5bca6efaed70498230411f2fb8d94a05103601602c128f98dcbfd87b477c84a70ab25a016a4fc626b044eca157071db0f7e8ecf7ff9fb68cbf8673aa7d6e79b0d827fb1db1ef8c42434f252193954665c2b955bb5004d20cd4e0037ac3a65f33bd79cb595c2d121028837f98d4c002d6d3db517aafe33d6112a080ac4f3516482df4cefc104b6aed9f5413f7354fb9dccbebd4347f037d77f129d394480afcebb51dbbcc840aea7b3393e79a99a569c8f3528145b04d004d2ec04b0f3b48b2edc915fbd2100ab1d06b2ed6b6dcb30f94d60fbd58006d0b5a22263f2bf5806d0c08f0811f8afb0495faf8a71ffee6c5a3f2e7038fb0021b5fd9a37bf179d99503a50fe09035ded9b171968fb88006ccb91d5801e9fb5b85628b6a6096f02697602b8f7b48bb76fcbaf5a6f12408c0f1fcdef6b157e56d80a40681c4050fc63108112e5ff47c00f1ff488f8ea02fc1e33fd037f5e033be60bf6d989e3afaffb048e1f3f06c78e7701d4e9cfe6ffcf1a1864afb47cc29122001a75e8168aad6ac02690a6fe81780af0e52f879569d7c6f7eb3384c6d5f5c3740df471ff2a1680069600b47dba78fe9f78f0c78c05f028cf5f2d45037ab3697d15386c50061c470e7ffffeffc0de7dfb030200e6a5f5fdf6799001cd549c48a6fc7901e8094a5ea1d422802690a6fe813801bce215b0d26de6041fda64203eb0fd2a3fc45b0631f30798d300eb0382e35d00cf5fd73303318141570cf2d1c11c17c99fcdc49fd525d0b21044007bc204d000f873b535da4e24d37c6e00d146938ad65b04d024d2b43f10a500db3a3b769eb9e305b05299a8bfae0d093622febe06d706018586f906c5415ad4dff2ff04ebbae6875cf7c2cb18f093e657e30042dadf30e7e7d4f0b3fbfff4faf7fffc1e7eb8eb6e241326808d65d82d38c9ac00697f2a0916c78a6b745b04d014d2b43f10af01e8e9d979daa5cf8795481be5b9b3b9013ad8c3d1ff0809880f43c4ec8f7501b4155ff3231efc0ab0baef1ff2f94d406b3104372690380b117ce91bb7e396efdc21082074baf3b2041a9081be9d48a53809f8d7c1a43e5d6811401348d3fe408c00aeee1e5876d3e68b2f81458ff4f607edc00806ea83778c3c7f78e20f9d1cfc7d00345268d86b8625e0693c10a4fff8d8fe5a14fcbae91fa7fda34410672dc4cd3128c8e1fd1ff912ee7be80950962e0ee46a19690b6b7dedd2c2c710f813c9a4de192d02681269da1f888a80566dda70ddaab3b6317c27b5745ed40d888bf09b400f9300a09bff562c01840b81e06f1b7501b426a3fdbe96f79fdc113f8948744e81389f3fbecd240717fff081cfe0c9bd437c6e805817200ceab8b659c880242080e00bea332d02680669da1fc827802de7219ae2535a1ec6f4e066702f8604f48c40100134f2fe612e50e2833ed81020540ff888801f50d37e995640b8047816d01b5a3f3e0e4004f0c49e217f94b47f967380ba615b88444808fcbe052077b408a039a4697f209a0760fd59675cd57fca19415a8f5f51d80a00825180fab4df0891801535f91b45fee37acdf38c75fe8f07fbea81a96f80bf810b10036a3343304b4010d1362280c775020807fc807969fd709b2e3e0168ae4fab0ea039a4697f20aa023cf582f37674add68a8022a93c98ae8051eeab7ac02401d9646cfb81c1b8aed380ef270379b0af085feb5373c4e7070cf0a391e9dfc0bc9f45fb1b16c0bf7c9613807ef271c057dbf3d5faba8409804f375e6c65019a419af607e204b0fdc21d9d2bd798853ea1813efe24a13a39e8f1003df20fb32d785f4c57d1661811b45d2ff331fd80067c8401afafcf650584dbe303837199015a5ec708e0318d000c4f453bed38e0f3a5d718f84a38012492f2788f13004ae51601348134ed0f4465c0a76ebf605be78ab531f97ca5c97512d05c84080158212d1f02bd9105b48c858f0ed2fa7c0ebfbac8d885528291c0601cf8e7610544db1b687ff99d7ffe3f3e8291c9099fb07430cf057c7d7b365104103ca094b93da54a8b009a409af607a22ac0f35ef262d8d94ead463fa4e5719224e0f7884604b1bda43102ddf4348b0fd7fa5a9b58d180af965aa9f02ce08ff5fb1b050611170414cb3f78cb3fc28eab01d04f0b4f0ff84a92a9346c390531bf3a6e01545acf086c02696e0278e915b0d3ed1af0e52585ebff79731c09c048fff9c7193d132203bde76ac130de4034d0fb0b4debfbe63d4c531f3af8b50c81ff84a1f8f90667d3fef49e3f78cb3fc14acc03f87449e29924704ff2ae5004e0f929009adca4d21a0edc04d2dc0470e54bf9a3c063837fb1b5fe304920749c69f6378afa5b7c141faaccdcf7c1ae240a7a3f0818b102300ff0c704fbd467c66600bc0849fce15bff095e22746ada92404f8f3ba74b5cb7b20fb94c0a8fee392cc21954ed3c8f3bc42000fa5f672e40a5da22802690e627003515985e06ece7f9114f02509582aa1742d680bfaef512818a1ed22127ec8c4aa86d2ee0236a051841c2b8606058e3372c0916fbf60e1dc3bbffff4fc37562ce92add80cfccbba3bf19a976ec7f967ade7e0a7f7160a657cf78efbf0fd9f3e88e9729913c16c924a678ca0a857add1ec46ad29c19a409a92006832d0542673efd93b2e631640ce8c0118c37ec3c0d607fa20620d98c7cbeee133f55679318f358767ec697f63ad00ad40c8076f783b0efc7311414c15212d1f7e7c3faebbe10b260110f0d9ab3d9dc66bafdc8e2b9f7f8e984e2d91e64b2a18a8578aa81727b1efe031fceb977762df9111d4edc6d7cd7e0b338850a38068ad3529681348b312c08e8e7cd7cecddbb7c3a6c78187eafbe74502fed55bb24826d415047ab70a28b37bdedd1536fd610405a35a3f1c1b68ec1ecc6e0544970f3db11fd7dff0451fbc74b4c32e678069fd77fdd75760dd9ae5cc82ca48e03b34c93f9fe69b9624951307b077ff41fcd327bf89c94a25de1d607d99924f22f6afbb52a554c0b58c006e5ce87ba525b34b9313c085dc0230cb7f6348205cee0b845c0208a0532a8ffc7baf8eb02b105b04e48b175d0b81deaf0b8868fd60fdb701bf7e8cb224befcad3bf1a56fdfe51300817f3df3f3ffe1affe086d6d6d7c1e453e48c00a80cf979622011ba5238fe37b77dc8bcf7ffb17a8c55801e4fb27e450609fd0ca9c385b4f066a02696e02b8f002d8a99c56dd370f1250fba85a4d829e7c7b2d2ca68d05d07be864ba2a08b3eb293fd110d6faf2280dd47ea9301a803f960810b102bef2ad9fe24bdfbd8bfbf064f67730b3ffc3d7bf196db92c3c3b21431bf2bc1819d8cc1ae093ab2a2b801d539b3c8eead811bceb035fc2d189a98815603b8e280252d745e756e229d1f58c00f62df4bdd292d9a58909a073e7e68b2e66f7a8343f1b9100011c6a2903660cf091a0606c0620b010ac797795a7e1dd04bd5835811f0d0c9a454373831f5117401e43e6ff83bb0ff0b45e9271dddfffe51fe28c4dab63dd05be246dded1cf4835ab59014061e841dcfae37bf0f59fdc1b8905384e82bd9ce0cae994caad22a06691a6fc9114016c3aff3caead14d869c20de5f3d3ba510360854b7dc375004177188fffb6e2baa8b10b103435a80dd096be892f8f8f6c3700bf58b8f2b0b840207c0278e0a9035cfb5f7ee11978ebeb5e125b4b606e5b4876af149695b404cac37bb167f753f8878fde1a71039249311d7b5003c096d5560ab059a4a90960e3d6331057e31f3bb4d798d3df2cfc8944fe0d32787adde49bd646fd6d58e307fb0d8003b383bf6116008615f0c76fff00076c8271c587ae7b33fabb3b22c7c5161731d0a7966d90ae00b90127503e31846bfefed3a886092095d2ae99f554ad4eb382dec808e0da85be4f5a32b7342f017475eedcc00820aefacf5c17fbf55a81600420221580e6b4df66b6607e12aab8d1b53ddf6c901190fb3c0de8e1d8409cd91f01bf3c6eff816378cffb3e43cfeac059ccec27f33fd6f48f491fd232915f8e445b0f2700b73283e2a1c7f0fe7fff2e1eda7fd48f03509faa7900d42558951a995fad270337893437016c39bd6109b0a1d9e3ca82e5327ef08f1ef9b742bd345b976966ff2c6940b166025f2c62ac80d9c0af45fcc3e6fcf191097cecb3dfc5ba55fdf8832b2ff68b7c4cd31f0d49c149b723d9b7965b01e44e15f6dd8ff77dfa3b7878ff319f00280048fe7f70191e6c4a0102dd8c00c617fa3e69c9dcd2b404d0ded5b173e3d9a7c78f03088ff08bb306f8aa69f65b711a3f2606308f0880097a7f11970a6c9011f0f7c747fb1b69fe70215114dcdafb67890550203070031cccecbe9b11c0770d027012097f1e467a8fe5b257ad761f03ff390b7d8fb4647ed2d404b0e1ecd3a09bf7bac69f4fc02f4a04403c199c4c57455d00d3e74714f8e1b6b852e1df06fcd0f6cd61fa7bda7964579f296b0312986604f07e2280a1800012da54e0bc8798ff6fb96eab02b089a4b909e0acd322608ef8fa8d406f1004a23101bf87c28540b3bb00baeb1f7609fc23c21901cc6105689a5b3f6e3ee0f73f7b56f06bdf29db69a6e5cc8a53fde2204100dff309809e064c2940fd3ced2a4fb5b6f2ff4d24cd4b009d1d3bd79f756ac8ff6fb01e02bb0ff7c89cff2132f08f791aa2e7fe239900b9041036f7c381c10890e70b7ef99973f9fd9134a0ef02e4980bb09e13013dbdb830f410aefbf837b177789413003d0bd0275365fed7eb2df3bfc9a4b909e0cc5322a93ed30d4034f21f2202b12b5af8a36700e65f04242402787fa147fbe5f6ac7501889aff3a88f1f4c0dfd0054040384e5b3792dd2bb8f94f03838a479ec49bafff8c4803b2fe22ed0ffffc1821d4f8e4a7d73002b879a1ef8f96cc5f9a9800da770e32026854f66b8523fd8d8840db67d603c896480f35ea32afc16618f4983d1568803da4f5636a01227501eabb42408fcb148403837a6a91c0efb4f77002a88c1fc503f7dc837ffe8f1ff0ba028afef3e09ff2fdc902a8d529eabfbe15fd6f2e696e02386333fce29e98429f28f0cd6d7164980c82f528219c84e88097db72a5615d800efc70c1905118a4da23b101c4801f212b40f3fbe36206b22d3db0117632cb6300c5438fe2f3dfb81d3ff8e563a83b4cfbdb8e7e614cfbf3c9495ac1bf26946625806dc974eade53b69d61a4fc1a5b03daa5462aff104306faf14fa79b1ab90031c08fa90c5441b940bbc304b4eefb37a8119813fcb19902b1cf4aa49026ff5fd50030ffff2fdff7253e24d8e2dadff2cf55687fb7a5fd9b549a9200486846a0332fdc6a9af431e93e8314fc7dfab1a16ed0c920b6874ece05886a7ab9d3c76f3cf0e389601e41c2a7057e18db89ce3e24da7b7915208d04dc79fbcff0e9db7eceb5bfed6b7f95fa7389045adabf49a5a909e08c0bb618693eab11f01b6600542f6861be0669c09316cf0b37c4801eb101c1580b2062fe6bbe7f0ce0e37d7eed731aa408697faa7f904f144223288b879fc47b6ef82a8627a79965e09897e432f3bfeeee63e05fbf00b7404b9e01696a0238f59c33e1249c50c02f26bf1f9bef177f1abb03308e3b39095c8068e04fb4068a7f16d35fed8fd3fa725f74fde4c1afbf9726584975afe4be7f75ec30bef3a39fe13f7f700fdc846d8c92a4c39d1a1f6add9af8a389a5990960e7ba53d7ef68eb680f40dbc002886c2334cacf2083986e39592b6036edaf6d8bb59854a0fa0cafc1fe88c90f5f7b9be9c279825ff3ff93f9e5b0d36dfc212763434fe06f3f782ba6aa55e6fbab79ff85d8c2f46f8dfa6b72696e023865fd8e5c479b6901c4d5f7c71281dea675458800cccdf9745718ec415bb0a581dadf6d02dda782b9b4feac41c2f9825fb4d989141294fb67ffcac7f7e3dfbe763bee7a600fbca49af043f642dd85ed7afbd8ea39adc05f734b3313c04d03ab975fddb3ac37520cc42f6c0e22106bf32cfc993310e8cdba6998fc61d0fb4df1e941b3523026e8374b90f064c0cf73fff9013ecd3a4d03f6d0a34fe25f3ef343d413b66901b92e9c3aff2c02ff7d0bf5fbb7e49991662680ebfb57f45fd7bba23f1ef80d89205837c9c0dc363303e19678020863dcd8886405cc7d61ab2016f872dbd4f4ea9818f35f1d3f0ff0d3ecca89f61ed4cb054c0c1fc27b3ff91d1c9f9a81e7d8c67b1302fcad8abf4522cd4c0057777475dcb46ac36ac415fe580d0b7ef436f937120f88730b4e423426f062dad4222e45383bf0e1033c4c1ad1ba00dd2a08170f9981429a173dd1d1c7f7552686f19fdffd257e78f71370933af8c134bf4b5d713303ff350bf093b7e47720cd4c003bdada733b576f5a6b5800731181d1a61fa7fe1a3df2db1380d916570eac815c6b9f2f119866beb6ae8e990dfc723b91ebe20f06a932d3ffd13d8798e9ff236efaeb9721c1df7adacf229366268041dbb1f76e3e4b9403cf5dfaaba7001b9041785fb88be6eaad90e91ff504e600bd1e2c0c037f4eadaf8e890f12c64e210e8fcfaa4c51ff5a611c93e393f8bf3ff62d4c576b70ede03cc8e767974efefee5ada0dfe292a6250012aa05d874e6265e0b10cdf38788c0688b2703b119d725f3b404e283007e934109b358009eb13f0ef8aabd41b520e2011f063f5d9093ed805b29a2343d8d0f7f71271e39709c57fc717119f8dd16f817b3343b01ec5cb361f58e6c7b0e8d2bfe82b658d087a3feb153809d1c0178b104a0570184f284b359000d802f0e89710b1aadc7c406a8e6df6300af574af8de1d0fe2eb773e845ac2f2df4b4f126a817f714bb313c04dfd2bfaafeeeecbcbab098d08946d91029fd9401f97068c3b2e4e3c2fbe395a18100f7aa386200ef8e1ed462306111fec0b0706e5e73cfee4217cf86b7761869e7e2c3f4f82ff66b6756d0bfc8b579a9d00ded995efb861d9ea0104c047c31460c36a3f2b04f946403fa91880deee850e89825eac855381fafe38229825301809120644a0c70e262766f0cf9ffd318e8c4f8ba7fe308b20213eb655e5b704a4d90960473a93deb976a34a058a4b0af01b5f061c25835057e8fb7f0b89823d688d823e38365a0ca47fce5c5a1f88f5f7c3ebec4fbdeee28bdff92576ddb71735dbe34f10622fd2f6d7b6f2fc4b439a9a00487820f08c0de262e62802126bd15260bf3dd22bcf0c0598d9c0705b18f4c1cea707fc46267f747dffc113f897cfff0433b51a07bff4f7af6955f82d1d590c0470efaa752bb665dbb2da55451ff765c5803ed21e597dfa5680a7fd6d6401cc0afa6063962c4183f8404c8d007fd8275b77eb35ff733ef6a5db71efeec3ea935b63fa97a02c0602b8a1a72fffceeefe3c22c37b63c7f95b2117df8a023eae18e8a4c52c028a278438d08b3f662a305a18341b1144b53e33edd359b895123c4900854219fff1cd5f8cff66f7617a84d77b5b53792f4d590c0470552697b965d55a11083cb9493f2c840f6b9cf3b7e29ba578316be6a60ee6505b03d0c74d1612acc6b8020d3304169cb63c6a5323fe7b4e1c9f40b158b9f6451ffcf18dcfd66fd592e79e2c060220d53fb6e1d4b588b300fc8b6c44060dca7f1b67fce6a600a335ae384837f9cd8334d0ebedd109444ce0c76b7d15f1a7c77c51c55f757a941f5bafd671f8085fbf9c11c0aedfed2fd492e7b2343d0190501c60f9cabe6d392a086a94ee6b38f537a269c0082984256e67831ca067ee8b821b26e843c5400d6b02fce678e00731060b89b66e66fa57519b11e9fcc9890226260bb47a0d23809b9f9d5fa925cf45592c04707d4767db757d033d9122207fab51bbb66df6ccec26ff5c120b74e3006f6e3268305d986cd1c0de78f2101ae64bb5fef5c224ea95023ffcc8d1316606d451f7acf73202b8fe77f8d3b4e4392e8b8500b62592897bd7ac5b6e007d5e64a0ed335a9fee64a061f134533f686c50fd8778b3bf412a3000be3a3e1428a461be34bb2fbb94eaf8306b76512a96313a3a85b4e3a25873763102b8fc77fbebb4e4b92c8b8200481809ec5db966d9602a9d4478e24ffe37a610c85c8d9b0528be7be6980fc8dce3c5b7c59afc61d0fbbb4dd33e2002f59ef8b4211fe69b4cc3ad965163fe3f358f8c4cc1aa9591b05c4c5513fb1801ac7f767fa9963c97643111c00d5d5d6defeceeeb0a2ecd1800145cae15b100cc6dabf1ca49886eaec7b7abedd9b302c17be6355d98dcb619f029f24fe75e9d1a61245042bde6e2e8b109e4d3f41c3f17e395241dddcd48a055ebbf44653111c036dbb6ef5d333830cbb45fe1145f38e21f67053cdd6e6aa0fdd1280d2856c2a08fb421a62640b5f9db16129dbdfcb97ef4649fcad851fedef1f102aa9532da122e3f7ebaeaa0e65aad4cc0129645430024e4062c1be81ecce6d2082c00402781487ba417f4c9424eb6bb42bade6bb02f16f072a501e8e76501c8f73bd94e389976fe18efda24d3fe9502dcba8763c727d199a2997d0401146a362a75bb15085cc2b2d808e09de94cea8681e5dd9875faefb0663716273103d05c1236f523ed8d4cfe60655ed38569c4612733e2a9be8cbdc8f7af8c0ff3f6e9a9124aa512da53160f067aae8b72dda240e0ad8c005ad37c2d51596c04404eefde95ab7af3896442bbc8460380b42e984735e0498f066e58042456ccdd3165bf6223dade60ba307a9a4fb26b1933fd6d7eb6e5b123f0aa15d4eb751c1f994167861104cdf7e1f2a7f9a2c6ac82a96a629c1140f7b3f1fbb4e4b9278b8a0048689290f6b6ccd53d7d9da12bd54d7bfdb2a360ffad2d81469adfd8171e2b303fd01b6d46ed3f3dd567199fe587088f8a7ee845878e4f1651af56d191b1b9f6e7e943d7e5eb13e524bd753d23817dbfebdfa625cf3d598c043008b20256f6c8b90231ebc49fa213e22aff9e390208ef8b4c19162a169af784a19ae94f73fa53c10f37fd6b1594470ef3f65ad5c589d11974b559702c31dd977201e87b66aa36aaaeddaa085ca2b2e8088084ac80b6b6f4d53d3d1dda9536b200a2fb83ce99e75c8061d1abf522fbbc98a606dabf51c150a858c8c9b6f3725fba2e9ae3afc24c7ff2ff69ff89d10203be8bf6ac238b0603f0d3b254b350aa3b373302b8e659f8695af21c93c54a00836cb177c5f2fcfcad80d92aff7eeb8783867737b600cc7d7ad19067c40a5469b0c3b47ea2a31722b661a13a711cf5e2243faa50a8607aa6827cbb03c716e4c009c077016856a0561c6029cba22400122a0cca6452efeceb6d97573a0fc03700ba759204e0cd460061733fa630682ed0abe369945fb2ab1f0afcb5c204aa93274480afe66264bc84b694874c2601cbb3683a109f04f438c0642501d76bd5032c4559cc04c03302fd7d1df9542a31fb4cc05a6fcc39075023329843ebf34366290df6f7cb2633ffafaf08b3df4e2491ea5e2e66fa61e7542fcd70d35f9dcb09067ecbada123979456901780df35ad00590fd0720396a02c5a0220a151820cfcd7f5f7b59b97db68caaf59eaffcd6362646efc235a1e1cad04e47f630a838276f118ef547e394ffb79e4f753be7fe410affaa34326a62a28952ae8cc584865d2b0c9fcf7e2c14f4b9711c3643549e5c0eb5b65c14b4b163501905075605f4fdb602a9df02f3776062063750e3be064a703685007a0b7995a5e7b67c81aa0e1bdc9ce3e0e7e3a11af564679e4a09fdb2f95eb98982e23852a72b93492a994080e72b33f7001f4780091c24ccda16c40ab2a7089c9522080ab1dc7be69a0bfb115e0ff9def5c80f31f0e18dde99d84f6f71762ddceb433f0f7fb0ce651baefc441aef9492ad53ac6262bb0dd2ab2ccef4fa7934824e563d3e2c0ef06b1803a6b9baaa548fb9fd3aa09583ab2e8098084ac807c6766309b4dfa973d1f2ba0c111b312404c92afc1ce931b1894c8758a4778cb9a0501fe03f0eac2ecaf565d8c4f57815a096906fa6c5b0e8e63b1970df5c0d0700a102157a0587750715b73042c25592a04c0ad8065bd39a0616ebfd15c80cfc0acc0aa658ed2e0e018b32e8022fd76b603ea31e804fed2f10352f30bb37f72a6c6c05f46c27699e6cf20c30820e108a20bfbfc08590101397898ae27e17aad80e052912541002464057475a407c93436070785bae2a427030d8b378f5d9a13e0c5bc47cef4635936523d2b6025d2221549557ee522f3f90ff9667f91817faa50e5937c50c14f2291402a9b413a938663dbf2e35c1fe0b3ba029e0808ced4d37824b7655762dd69ef7deb5bdfba6b617fb996fc2e65291100b302ac9bfabbe503441a3d06bce17ca04f9f001a0dfa116d5ee8381124b053193fd2afc05f2b4ca2327a042a153855a8a154a9c3ae9761d124200cefe9549211400e49e6fffbd17fa9e563357fd81560fb66ea29bcc37d1b0e25d7e0c57d4776ede83ed62282452a4b860048b815d09e1acca41d73f660a3477e875d1201bbd9a6b613edddbcb69fcf562cc14fc37aab53625a6fd2d213cce4afd5ea70dc0adbed513e806bfc742a85548ef9ffc9042c5efd1744fa3dadf827ae2048b54dd5d2f86fdeb5d8e3ade4dfb7b96d0acfcb1fbff5a2fcc8b58c08f62ddc2fd892675a961a015cedd8d64d7df9b4bcfaf862a0d8e9c14e52669f064cdf158c18b01c66bee707f8987e48e0137069586fbd38c53fa35275315964e63f73016cafcacfcfb6c4833d138e83449a2c802c2380a40816ce06fe0671804946002f72dfc7df274e5cf4c2e6f6195c981fbbf9d2eee3ef6d11c1e29025450024640574b625063329276654a05a7986bb254ef3ab2dd940137892e6271250dfefaa345fadca8f9d2eb9cce77799b95f850d57809f343f2dd986c3fcff04f3fd9354fcc3d6f96787ccfdb95c812ae396fbebebf0d6fa5fb013a872920848c0e22ec91fac388c17f51fbf9935b488a0c965291200b7027a3a93d1c94123bdf24c744f23ed2f1a69fc3e4de24193788a0794c8413dd363a88e1fe3dc51a3e87cd145adee324d5fe3263f019f427c047c5aa74940124ceba73219d8e9146bb7a197ff36cc02e8c440a303eb366ead5d887fa9bf8a1808a88be3fdfe60dff3bf5ed28e0dd6011c3972846ddaf46831228256056113ca922300126e05e49cc174ca8eed82672615a88ff08bee25df9efbfa3473af34f7e91f81b27ce210eae5197e5ca922343f4322d7fadcdc07a0cedc21ff9f8f0d20f33fcd2c800c37ff2d39f3cfec29c0681c60a6eae046f795b8a57a01fbca8a7003140188d404bef686019cb93c836ab58a279f7c02478f1c196744f041b6f7c6161134972c5502b8da6656406f8713df0dcf3001842d001abf9fa421bc7e845fc0b95e9a4665f430072369fd991299e464ead7d92101f0c5d11e123263419f6133d0730220ed6f931be11940478caf1f373660b2e2e01dee7fc383d595ccf4602e8027e20de23ac4173efcae75189ea9e367fb6b385c643cc1cc90d4c45e6cb286c753b6d7228226922549002464057464edc174b2f1f46027970e9c2bfd174cdc4123f9fc083fe975e66b537aaf5e168fee2a30ad5facd09b18f82d579af981b9ef138125c06f3122b15349e6fb67781c8047fffdc93fbcd838401cf8696e00228017d5fe3f067e427655b801da94e3e7aecae0a63f5985dd231ef68dd7b07fa28a9ae3f09843873b8d2dd63e8c3361e7d522822690a54c003b18767676b7d91c48b1ddf10ccd0a4cc077729d3cbacf7d7c5b46f8e5433b6a53a3bcb0a7c614ed54d9e3693e30e0936120c04e813e4b98fb966605d8e2332c064027990a827f96150af8cdcf15a830acdf55dd84bfa9be9157150a17a02eb30142de7c7e07fef4dc5e4c942d9e6a2cb9369e1aade0d0548dc71d5ebf8d915c7902bb773f89b1b13122024a1ddebcd0bf774be265c912000923819dd91476e452315640687596262e71713e27d326a6ea4a24fde09ecaebf3f1fbf4bcbe5a054cf16286e18d22f01e01dff2a4b6b784cf4f117ef9dd0e0ff8c960a16df3cfa37a7f3b9586934af158809afa0b91917fb35703ce542cfcefeacb716bed3c93007c0bc0c2c7aeeac5da7c0ec5bac5630d4438444025461e8f1d2be3d2c114d67627f9793102c0ee27890846f7b1edf7b688e0b9274b9a003ef7cffff3eae5877e7e53579601cbd63be469ce05486f61feb793ebe00fe620d39cd4b802bd2ae525ad4fe63e61aac4acec2259dabcfc4f68f884a6e56d0b9a0b406460829f4edc61df43e0e7b97f5b44ff23e00ffbfc3129c0b182853fa95f8be3b51c23808a7401ea4610f0eebf5c8342d5c1f16997a72c2d460036a52ed9f7da8c08ce1c60e0f7eaec6b5c9e99a0733c3e3c8cc71e7d849e4bb00f226370f342fff62d11b22409e0139ff804cd1674432a95ba7a937b14f5877f8cae8caec34f820018c0c9a7a7e9b99c5486a7f520037b0af854d31f067e9169cc728d1102db6056347f8b63805d2c1de5f753a00fa2515800365fda04b224cdfa23b5bf9af9375cfc132908325d814acdc36f4a2bf0e7f5b7f011853c0048febf66015c3298c18daf5aced38d7b8e9651f36c41020cf8f45a9e4f635d6f300149a55ae5c38c6de9ee1c3a78007bf63c8562b1b88f35906b70eb42df0b4b5d961c0130f05fcf16efd8b469537edb39e7a0b3a303f7def07654879f4236494fd6498967ea91a94d373ef9d3f51aef2ad2e874a3f38e4ba645f04d029e40ee57ef41809f3ea35e98e4f3f3bb0c50f47155d7621adf62e061c01787fac057053d42cb0b8def703740b6f9413ff1f9fc3b2900c77c7187dc0c9e554014fccaec8f6b53e5bf250f9facbc009faf3d8f697e66fed76a3200e8fa01c0ff6b4717fee8bc3e5e72ec7a164e4cd6b9e94f9abf3f9fc1b2ae3427a4e065e1d864053fd95d0065323b73362e5e91c0e4f041ec1544b00bc222d8b5d0f7c552952543000cf83bd8e2a69e9e9ec10b2fbc102b56ace0002ad75cfcf4170fc1faf6f5c85bd3483a1e1f88a3ca7115b00d805b0a803285a7697aeedf17a7b98f4f693d12824fa966f34771d529daae8aea4883f31a7ecbd7f622b76ff1388020044b80df96e31688742ce10240018d2c10a6fd69dd5363ffdd463e7f7c35e0c8b4873f7599f95fcd09dfbf5e0bcc7fe9ffdff2c6e5d838d02ee30e0e7f51e0cf666e48822c01dbe6e4404b3ac70313750c4d78fcc20e8e57b17fa2cc4ffb75a725d099b2b07fdf3e6e11d46ab55d6811c182c8a2270006fc410873ff2a02fec68d9b38f02c69963e7ea4802ffd7a1ca9130fe282473f8c9e645944db1d6656a7b37e859e097c930c082064e2bbd522037dc11faa4b5a922aebaa0cf1357a4807353a02e0cacc7734edce23fbd2124858969f2ca0efe3017f0dfccaff27ff9b0271b6edc8897f42a3fce2c01fb2104a1517f71406f0768f99ffd54a28fa2fccff4dbd497cf9f5ab90a240a38a3b3802ec047eee8ab093a4764e56ec9c7fbea7889ae5c07344e542957dcea1f132f2891a5eb0ce111611fbbea1fdfb71e0c0101101b904ad0147cfa22c5a02907efe3bd9ebbad34f3f1d5bb76d43269d96e00d827db73f328adb9f2c00e924da8fdd830b1efa1072893a92b6087c891c7b5af8fa94c6e32e4155008899f554afefb935ff7b3d06fa0ab3ed2b0cf8354f00bf2a814ce07524b04913720def9bf89adf2f2d024b910007bc30a97d8bc3d7fe09e187dbeaa93fe121bed1f9ffc216c2f84c0dff6ff5d5f871fd4ca9fdeb4105a034ffaf7d5e27de7cf132017a760e091efcb3b905a0ac014b5a03749de3851aee1b62ae04734f3cb24cb84b240627314f0167f5d451a9c87ea43e62eb0786f663dfbebdf47537a335cee059914549000cfc57b1c50d030303831730addfdbd32340a42e591bf37fffde297ce39e1120c34cfe848df3ea0fa2fb971f87559e42c6a973137dae9e22d057e9e532d0b3578506d5404ceac5b52201d90ecc7905f6c012f0fc7575ac8801084d4fa0f25388b6631080c383706ae20f844a7be35c8170f18f8bbd130edee8fd3566c837d14d7f37088cdefed6d5ccc7cf8aef2452a49187dc02109680f0f91de9aed87c08c1ed0f4f30edefc07578f2929180c73fbabfddc2b61509760c2381724510010479958a45ecddbb07c78e1ea5af7d2f5ac544bf5359540420cdfd9b9899bae3fc0b2ec0c60d1b7d8d14b96ccd0af8e4f7f6e3d80c3d5d33c9836aab73159cb5ef8b283db2934fb145b7afb20848ea0cecbc409796a4e539f85d50f15e9517eb58428b6b1a5f013b007a50c9479f4fdadd0ff8491725f0fd6d0e728f2f8579cd5d11f2c1790a0ebc4c77b621be8d46004e324dfdb5e216dce8bd5282bf2ab57f90fbbf6c43069f78ed4a5e65c8fd7ed2f8dcf4177107b54d4b35c30201faf18333d8375c814b59014b8c5fa4efbd70308deeace56b7f97b145b154468d7dbf8a6110113cfed86398981827f0933570e342df5f8b51160d01a8e8fe69a79d96dfb2752b37f78f173cec9ba8b19bcdc6baae24d2092bd60a201ff8fbf70c63ff4819e34509740682b7bfa80fb53d776372e831ec7bf81eb86347b902aeb37d550626f2f46bfc793b02b80919fce280e71ad134fb1d1b819657fe3fe431b68afc43f8d396e52f854960cbca3fe10a58d2e4a60fe58388109fe69bad1a9072f5c36365bcce7b178ed7db44de5fd60a08df5f74d2075fd18f979dd92d34bd04bb30fb13320028cf45ce54a41e8042cbdd8766b0e75889b944c0cabe1cd6f5a7d099f68260a5ff022700b2081411f0da84b171e61aec634430b10fadd4e1332e4d4f0032ba7f437777f7b68b7feff7b8b94fa6e8371f99c2fd47ca02750c691906fe376ee9c0404722960422dd22f7d18d582e4ee3965b6f4369d7a7916a4fc22d9765dede169a5ebe1c4b803ea14c7dde06bfaa2f700504f8f98ba71735f70042eb73f35f1d6cd9d2cc17e027bd6c2bbf9f8e11ceb591f357eb7105418a10a60b557c69e66cdc68bd3af0fd35bf9f7a60456702bbdeb286cf3464dbc2d74f241c1c9906f64f1101b236d6b76b3b6d6ce8b40df00b10c3d7f4b4a4206296b95bc56209a572899350980c26d879dd77b8cc49961eea745a1e183f7e84070acbe5f22e0822b86fa1efbdc5204d4b0032c8771dbba1de79f6962d38edd4d36474dac603078bf8c683533ef821abfc320c30efded16bcef7a3914030f74db08fc0506104f0f55bbf89caae7f47ba23cdb052961a5d81de12da5dad5b01a0134aeb934500e1beab364e1c566011d852cbdb72808f27972ac5683baa7040cb46c8339f6d886f1cf8c98a393252c4df786fc243ee5a31ea8fd73b28d35f7cf6db2fcee33d2f58c6b5bdb2004ecc008f8d789c7ca896c193350f1bbb1c6cccdb3ee07df06b04204b2b90cbe5906144509899c1f44c8111419def1b9ea651867514293859ae61a25ce7cf37fca30de033201d397408070f1ea0536bcd43f00c48531280cae92f5b363078f1ef5d8cf6f6763ffd44f2955f9cc0e323f5c0e65631007683bdf1823cd6f52423568027fd5dd32a10373611c0076efa3ad6ddff19e43a33a8552bc202b015c8039fdfb6437ebff2fd61f9917f9eefd78e0b8283968cf43b5cf3fbe09759004b59032a4a48fb7c90c53ff0a3912b30355dc6aee955f83bfb4d81e657557f5c6c74641cdcf9e76bd1c7488f08804c7d8a03fc6a5f0953554bf8f6109e8227afeb45eb533ee8d57467ba768766f2a7d229747576f07e2e140b989a9ac66df74f63c60d88a5424450ac624dae8e17ac119f552a95b07fdf5e1a6340e06f0d36fa2da4e908807c7da6f5af3bfbecb3712ad3fa1c485af089165fb9eb181e1b66fe6c2a2941236e54aaec7be3f66eaceb4d6917cfe16f76896e15700b6006fff0a9afe2ec473f87b67c96b9ca9520d0670b574011816e0128802bb250853d7e40d056694019f4b3558edf167305c87cbaaafc5365832a08e86bd95986f8c6b902147d3f323c83b75a6fc75eaf5fccfa2363084137d8f8b3f3baf08f572e97c13f9b9befd433dfbf6f8c47f7bd8488eebb5600f2979d9a31fc7a1ff800a27ebfc7e31cf97c17af25a0ebb9ebb151dc373485525d108b9a95309fac63c7eabae1324c4c8cf38c41a5e5163c6d691a029011fe5bf2e4eb5f7411d832083ef9d817c87d60cf04bef1ab13ccd64ed24c9972c20de602307ff23dbfbf023ac2678b01702102283102f8c457b1f5f1cfa1bda78d13802d35baeefb2b8def186e8096f20bb53b7ef0cf0ac0ce537e8eafed6d9f10c2158721f0379cea2b1a07181d2fe2ebc5b37083f59a48c18f2a65a60eb8eb6d6bb169598e136c3299f4a9f2374f4de1e8444da4f7a8d04712402669e1859b339a96374d7fd30208dae983a9243b93cd6064aa8a62d5c5c387a671fffe293e488a8eebcb012f5c6fa1c6ac955ab5e67f36ad1f3d7a04470e1fa25f8b5c82eb17fa5e6d26690a029079fd9b4e39e5d4fcb9e79deb179f1873fa85027adff8d9113cb07fda2f99cd241dbcf1f21518c8a70cf35f7d82e60118ddc38b5418017ce6631f46efe19f219975e056ab26a88d945f90ca53c724422460160459fea41e2ad82734bc0afca97de0a9347a9f279138ef077e682451618039323c853f73de8d61af4bcef8a31e4b1610c06bcfeac0c75ebb926b662afa110f1815c751eaf0678f8ef38227bfc887edba604316037296a5b828bf873802085e5d5d9da823856245cc8844b31ffff4f1111c1d2f61fb1a1b1b7ac439d000aa7aadce3c97ba4f0433d333dc2d28160b64055cd3b206e627cf790260e0bf81699f776ebfe862ac5eb58a3febdef68b7ac04dd0100fc8766078ac847dc70ac8b7a7b08e69323113b07e5c8cf92f179a012008e0e31fc2c0f0af4095c1754e004adbc3b0002c19cc7364805ecf0824a0650114f0f93e4798fe7eba4f54d8056dda202339da37b6b4778e67ffd1fee113d3f8547507be80cb05f8b5d97e849f242c905fbe7d0dd3fe6ddccaf21f46aa4d6e5828d5f0d841e6af573c64d336d6f665d0dbee18667f2410a8bdc68a2eca750f396695e512417b67672773295298290912a0d184d38512daad29eeba886b1124c0839975e916503a962d696cc1c4d818e44424adda8139e4394b0032ca7f533e9fbf6a3b99fcf96e24e574575cb490bd65a8f2d09569db719a1f087f9c490274c3554b0566017c082b4efc0a2976b3d76b15096adb88f80bbf5e14f428ff3e080e062e42826359e6f3958f2fc16fdb01f0797e9fc7372002835c438bb39dff033f827d85e9321e1a4fe16dce5f62c64d0704e0f7840840bee9bc4e7ce015cb597f278d2719fbcf2dd472fd91dcbf61fa47c15fa9b9b87d4f15c78a6234a4c72e77b0cbc245cb824a468a09643259fe0c8424cd6e4e44c0803eca805d2816351210d74bc09f9a9ee6c38fdbdbdb5066c7eca3d840a57233446ca095296820cf490290e0dfd9bf6cd9b64b2eb994e7a013ec4e98287978e06899bba8ebf249aceb4c844840477f34b0175cb0154b106687583836534791ddb02b33157ce6a31fc4ea13bf662e000345adec6bf5a0f027584ff0fa8050c04f1d0fb1543ebf0f787f5df9ff321360894a403121afe783a4d110dfd86a402afaa9bb3874640c7f6dff773c884173b65f2ec274efcc24f09bbf5a8b659d59403da198f753f0b4622f440246ce1f71e67d40043fdf53c253e3047e8b839f9707b38f3dabd7c2965ef8c7763312c8e6b2f29a02b053b66074748cc702383933d08f8f4ff07eeaeaeaf2e31fd56a9db9044f31d7609a5c81cb5b24102fcf390250e01f1c1cdc76e1f6eddc3c2633f4fe23257ceb9199a08286fde05b065278e5296db3e1d9d4ecf334ff8f4dd570db23d34c4bb9fc264d7935247ff6ef386be61ea47249b8958a34efb56a3f5b815ff3f3357f5fa5fe82e1bd216dcf7d7e6d9660bdf04756e4716023c6e79fa3dc975075fcf8047e503a05ff8ff306adce5f7be007c4f7beeb922e5c77c572f8e00f6b79c007bb5a178778fe7a23ff9fd63ff7b37178ccb210e5c1e056009d4a3ee5e1e59b8595e34a0ddfdbdb8d4c3a13687ab924d09f1819e116c1e4e4142f2ca2a0307707f8e3d2e567b0cf3d38b41fe363a3adb84003794e118001fe0bb7f38a330249a9eae1a3b78fa2e459c1ac1996483ebff2b4366c59291ff5156700c4b909684c18b4f6a99f8de158a12ebf077c328ffacf3f874babbf40ba3d054f05016d3dea2f401e570fe05b0bdc3d10f97c4b033ee4609a20fa2fb4bf2d331c9ec4aa6fdac73ded671657607a8a99c4a355bc31f17798f6d252cd866e03768eabbb5278f01d6b79cacf07355b546b1ef68fd75076456a6e5d878d5cd28c0b4440afde1f7a7de6f611b8c9244f215209b52b698562017f708623811b8c43e8efebe54148576a7697bb03358c8c8ce2f091a3fc690995740f26d93d92772ae84db97ea090ff63e77ce82091c0185900e7b446189af29c210005feb56bd76ddb7ed1765978226ec4a113157cee176340d209c6cd4ad9b2228d579e49c524b3a25f2ec2e8f722c70c8d3073ff97e332496ff1741b1140e1aecfe10aeb6e643b323c0de8181a9ec61009c0262ccd22b02dbf645877198499af7c7f475a02d2d4770409f0ba4115eed00b691a0ef18d9bff4f68cbc3874770adf35666fa6f3026f890630ea16628fec61b06b063639ba1f52b750f7730b37d9cb95f5c633ba240e7f75626b0b2cdf6cf0f686cf6ebafefdd3386c353ae314a905c808d3d162e1d4cf8c14c65052499ebd7dfd72788585ecff0f1e3e4df23916ec30363693c7aac80995a1d33e51a36b7d771e9caba242f55214924308489f1b1963b1092e71201dcb272e5aaabb66fbf88f9fb8e186f2ef3f743274af8ec4f8ff3b9ef28afeff13499781f69ff579edd1131e6d5f6f0541d5f7e600a13353133cd603e892bd6673140116be8ee8058eca7efba6b848f6317136c52aabc86fd3fba09afebb80fedcc37aed52b01d015e809b48e1cd1a7a7fa1c55ef2f484098f992009c20f0c7d36c7af10fe0a7fb080c9627825d882bed8d8d0388f6c3074fe08beec5f884f3aaa0d0473ee12788fa5b78e9a60cfef34f969b05466cf7aff615b06f8c99d5dc6497453fac9d0c80d79c9e0e05fee64eff8d4c56f0ed5f8d326b822a09450a31dfe6e0f7cfca22697b81f6d65ee406f4f5f6a0542ee328697daf8ef6b6764c38bd28545d1c182fe1a74f8cf08c015dfff357d4b1a95bc542a4dbc44ee1f0a1839c0418019cb3d0f7fb73459e130440d57df97cfebacb76ece0f768269df2879daa14df47beb51f1365b69e48f84531540bf386e7f5626d4fcabc2289fe89521dffc67cce12af530dca82f3290b7f7151dee8014504257643fdcbadfbfca1c124440043b7df84d7773d84b67c1b4f0372d033c027b5325e6304a0661dd832a7ef0ff091536941b6415f979600e42843e5afbb91197d679bf35f2c4f0c8fe1be996ebc35f9ae20dda7988513805876a52ddcfbf695e8694b8ace50263c939d0f4f60989e57e208b0aaca3cfaae2b37a791cfda98aff9af5ee56a1d8f1f28a0c448b92d6363f3f27450bce45b0fae4104b96c96970ad39881f68e7674e5fbb0674c8cca2c54ea78e2c8341e3c30c98f5d917571e526d70f20fa24c94e6bef9edd28974a34c7c0b50b7ddf3f1764c10980eafa93c9e4cecb2edb817c771e856289ffd87cc829815d9ee431c6f25fb9e3082668b8ae2c9079c585fdd8baae8d1fe3c941b1625d98fb77ef9dc10f1f9f91e0b7fd41417487fde1960e9cdaaf1e136e76c6037b2771db2f86c5fbd84ddfcefcca63bb3e8297f71d632e4096cf02e468bebf4a07faf5007a1c40f9fc8ef2f91d31c187edf82940a8e9bd6c59f8c3cd5d4bdeb8f133faa2611c40dcf85393d3d83b5cc61bd2ff93f9fd19ffba95bf2f820ba2f93f5edb83579dd1a93a2788f033f9c9fd63383643267b42686cf8830ff1875b496bab8ff6e6f182017465e61b1583aeabb90f8204e85ac627c69915d0cbb303cb0696a1507631c42c131a2b303a534595b92a074e14f0f0d00456e418019cea496f477395280dc9dc374a11baf5faab5b438b9f1b04b077ebb66d839b366de627333d33c307f790294afe1f42c01e3a56e4f7efb2ee0c32293b12cbd7eb03ee7c740277ee2e086d6eab2c8088aabdf8b4365cb82e1bc405b4dea0c57ee6575211111dbb7159125f7edf5fe3459b4943d651afd5f8883e11e40b815e8d09909379387a845fa6f97c4b4055fbd981f657d7c09f0e8438333fcee73749a2582832d3ff38de927a17f658ab7c9fded7fa083aeda59b33f8e21f2dd3ea2bcc74dfc1e325dcf1c80403bf23eaff2d31190a55fc5d717a76569f7f2f03e843c76adc6d686756c6b9cb2cb4254c331fda3abf1e7d6423db3d393d8513c74ff053ebe8e8c0f9e79ee3bf9f086e58960ed71801d0d3930f1e9fc1b2e414362db32204a05ed35353cc1d38407180f54b3d1eb0a00440a67f5f7fff75975d76997f2a53ecc7a1a1a2140348117023f93c1db2a1205e28a877ffbe297cfb9ed1604c80d460e44fffd74b7a31d01558188821024ffaded54a091f7ecfdbf0e253330cf4547d56e5e9be00f4b63f3028c8fdeb3ebf2da7f572344b4004006107590123b51637a96783f1fdbacf5f2e9671f8c031bccffe63fcc0b9d0ec70cf5cef4adbccf45f2e4cff705a0f41849f2ca2478666b8df4e961695535f7e46079209aba1cf7fcf5019bf3e54e5b10395f2a319975fb3d1417b326ae623c622281619911d3ec2cf81ee87534fd9cc8b84685092c71f995e61e7368d327325a86a9008a0a7cdc28ab612bb8f660cff3f7c9e470e1dc4f4f4d4cd8c00ae59480c2cb42c1801c8c13df7bef0452f62bf69de2f379d6116402a9564afb40c048ad3d4f08fb055a09a83f58004feedbbfb716caace81e8c9b4da96b56d78e579bd915ed08920287b65371611c0dfbe1d2f3935cb7844100099f68ead9502cb40a02323f896a30de4913ebf0a00aaa180becfafe6fb83d0fca463dd7a6001c4d6f5c7b49599fb7468ff51bccfd1c01f02bdbebcf5757dd8b1be2d68d2c0afb2004115a087a3a3657477241990833e8afafc6296e19b7f3609975970ae0a1c5ae2e947a7e42d5cbed68e580eae6fa6cb21bfe5320e1d3e2c029f4c366e588fae4ee1a6d09801eaa70a3ba652ab6362a68662a5cead0c1a9044e730363ece08a46cf8ff3a01542b341bf13e8a295cbe94a7235f4802b869edba75579f7ffe05e24424b0a9a4934a7eb3d98c9884c25650d7e03947c9af5a51c7defdd82833e98bdce43e654d3bb6aeef40e828a327b8e6578d9e20808f300278e9196d9c005c72011cad0a50590016e4bcf8a2bedf92b97d0a6642faff7ae43f280282d480f0e7e30bcc56b7f1545f9a2b406ec9d09e83f8b67b0e3e90fc2f087c7ccfec1fb9feee4b3af07797e5cd494582b2bf80003dd32a40c8428806ef3c1c1a29e31bf71201a4f860219f002840c734f4ab4e4b0426bf113c9441c25219070f1de6013f92fefe7eac5bbb46d601b87cba37b2a86842535ee528dbfd173b271a2c343236e68f1c440c098c8e9ca0d72e4600972f140e165a168400a4f6dffbd2975e895c5b5b70221678a4578d0c73548e5c3b40ea1ef9376c0998038394a560a608a380b73416d1bd08d1e4f119803efa3fde8e2bcf686756093b86c70044da4f1f05e8a8a9bc68ccbe9df0f3fc2a06002df76fc9e308192223c76ee6ba1eb58e29edd5d27dba2b502d577078e8086eab6e95e0f72f077e3e4f6b23bffff37fd8c7fbd70476b8be5fedd2ec0295f377c38052d57ae051fe7ffbf1b0a8f84b8869c15d79ec60dec695a726027f5f8153120855f3ed1f1a42b52aa65a27b09f7df699dc4252e09e9e9e41773ecfef0d57f687eb864880bdca4ccb53fd8f5147a19d337d17cd3758ab56976c4070a108e0fab56bd75d77def9e71b437ae9efe4d414ff617ababbe5641f9a9f1eadef8dd9b6a2c746aed6d257e5719e9f3d308e270ba05ac6c7fef62ff0b2b3da793c912c80a44af33941f0cf569a5dce96eba7fba4af6f6b437ef588bf172ef1f563008d4b7bd576a950c4813d07f05d9c1f0f7ebd0fd8f2cc6549dcf6fa7ef4e6b4813e5ea0fda9e2efe1e3c2776f4f5938a3d7414f464df8191ca703df9569011d68773c348efbf617c5a421ecbac504eb1efef8bc2cfa73566031680544d4b077df1037edd5299f7dd6193c28ac343dcd06343139895c3687eeeebc2080382bc015a430353d85e189129e9c14f316a42c0f1bda2a48c99a83a9c9090c1f3bba8f11c0fa85c0c242cb4211c0d8a5cf7f7ebeafaf5f8235388d49f6e3d23cf1fdfd7d9cf5a91c381ca60bf0eecda2f9f5fdb36b7e4fe5c711dd4737e5aea726f0e0c7df8d979ddd8134f998b5aa0f7c47e6fffd0775cae9b14559af1354fd39765000e4cff0033ff805dfa78f1be21be7f3335fbb50c2d0eefdb8d9ba029f49bc3438f906a67f57cac62dccef3f6765c6dfa717fdec3e51c59d7b4b227067898a3faa7778f9a6147a64bedfd7fe91813f668a8f5ebf787402f7ee9de1b3fbf476a570e9696d58954f8434bf72313c1ef02370ab9f69c5ca15d83038e86b78520c3406800636d1f1cb0706c4e3d0f81c879e240293046896e7fff8cd34287becd9c2774cb2ef7bf9ea020f4692ecdfb787ac806b96e2d462cf3a01d0e41eb95cee9697bcf4a530fd7ab13e31410450e6c37f291848f180a8e32fe519d0fcc2df8fa0dff892db774f720278e5d62ea4491b5643c381651a4f98f98e9ff2133ebf1354fbf9eb5a108d6bffba9cfb4a99f7d127fb8635fff889511c3b48d1fe3fc20f9ced669fc4813fcdc0ff5f18f857a4a182aaf224fcf5cffe7202654f54fcd12028714a1ed6e51d5cb13115a3fdf5b45db4f2cfd573fa304d7ddde7a786b189091ca188bf0c5dd0009f0bce3b977f9f2bc13d3a3ece2c80b2ff39b95c96dd27791fec6ac0904e00770c5938305ec181b14230910a3b6e634715cf5b51e59fbf94ad808520805bce3a7beb559b366dc443276a98ac88fcf4d97d097e93d2d04e22802e1a139ece8869bff439003431330362256c192072cc6c9adf8a76086bb8fda9293cfc89f7e035e7f7f1f900e8398016bbd11ca9f56de5d7aba707cb609fad5b00bc4dd4ded39380f8f971573e988adbf7ef1bd4f52b2be0d8d061ec3f5ec03f24df8407eccd66873408fa7de8f7bbf1fa6dedb2d437d8a107fefe75d70833d9a5cfee0f3d0696b7db78e51919bfcf5476c098d25bec340b7cc2a06fa0f9698af03d7bf71add7eeeb6ade8ececf0c15f64a63f8dfee36e4f0d787c0cd83763e38a33fab132eb314b2530fb3d490234f3f10f9f14cf647cf4f0142a759151a0734b5975fcc96915fffba415b0e43202cf2a01c8013f6397bdf025b86d37305cf4fca1bd16fb51aedc94c6ea7481e67e477b5b1b2ffc70e4105911cc13144e79dfaf3e3883a1a93a7f7f3eeb30333583b532afdf2823f00433711f385ee126e9298c70b6f4a5f8f302e27ae281a3153c48138bb2cfefa2d4df67de86f3cf588d9e157da8cd4c3237a0c2df64cb4777e904a04c7f5b8bfcfb853ff24af828f8ba5c6a5a3f88eceb5900b1ac14cb38b4673f1e98c9e3fdc93fc51e6bb579bdb380ff750cfc762cf883d4dba77e74941380cb27e814c7927f3fd8ede0ca33b27e104d073eff04b67c72a4869f1fa862b8e4219db2b0b5cfc645cbed39b53f99f5bb9fdac307f92859bd7a354e650a42cdfa4363ff8f0d0f73d39fe684f8da1316caf483b12e3d75a01d1b97e5b0a1bd8eae645d060a8378c00f1fada2c6fafdc84419c3932571cdac2f9767ebccaaa9fbdf39313e8613c787975c46e0d92680abbbbaba6eea38e512ecdc5dd69e8f057e1366d8f28d67d6512a57f82420bd3dddfe0328fdb365c77dfa17133856708db901c8327ff3b9ede8ccd888d3fc3f7aa2805f1dd4bfd3c240cec69bceed8874c244c9c5477f3ee11f3b51ace307773d887f2e7f045bcf3d1d5d7ddda89767805a0d6ada6ec8125fa5f5fdc21f2df8c78fe5d9707619dc8f95e3f2bd00f46810f09b1c1dc341e6ef7fd9ba049f65fefe34b2e26475ad1f5a0dc0dfc6fb5007bfaf85e536addff5c8181e182af0a09dcb8f17c1baabceebc4aaae4450b1c7df1298fd4363357ce5c112771ba8cf54b1e1364602cf5f63cfaafdf7ef1fe2991f25d96c16176d3f9ff799f2e94f8c8cf2a2207adfcebd2e9e18b3843f6f81a763af38b31f34b8784b6fdd0800d2f2a10365e602b87c28f36307c77d92ddba02d8bacaf6bf978eddbff7295a9eb394e60d78b609e096b3ce3afbaa5f8f0fe0c09417805f05c4d88ff69275152ccbd5914ca6f858705be6d4c5c9b21b66a4822ffc7a4a0cd4f1e70600bf932f5997c1a5831903f9f49700fcb13bd98f2f016d69ef79d969396c59ae0613094be1eea1127e444f0c96c70d4dd4f0c5fba7f0e2fa2ff1aeca17b0f1bcf3d0bbbc1f6eb5cc9f14ccf1e4cfea4b917fc74ff7e9f3fa594aeb1aa93dd7d7fa70c3b97f9717f71c7c622f764f25f1cf4cebfb26ff6c5a5f6e47c11f687b2306a06ddffdd8381e3d3883c9a2cb0377176ceec0866569c3f40f57d57de3fe69ec1e87ff7863ddd7feabeda9866ec0c4e414270068bdbf75ebd958b6accff7e70b85224e9c18f109e3b687eb385c5003bb848bb2754d2796e733b860793d9209a069c51e61c47f60a48a8327a6313e5dc6e92b1c5cb03e19b93f99054096c092aa0e7cb609c07bf1152fc1f71fa9e0297a70071fd91780916efa579cc24cb9548ddf00ab57af12f3ef3b6ac4090d0d2ee30bbf1c93a3f5d48499e077c2251bb2b8647d361217f8d59e69fce8d11931c4d709c604d0e292f58c34d87bf49eb873f70c7ebaa704f5985e4e000fcdf013b88248a0fa459c72e185e85bb30a6ea5cc2b03b926e764e6f831018f5706ca197de9fb2229be20ea6f6a7f978f383c7ee0308e0e1dc2d71297e1b30ed3fa56360afcd0aadaf6c16fdb41851da005fd024dacbf31288094d9097fd36bf8facadd1338404adc7164a45d7e16eb93d79c99c4aa4e3ba2fde9f97f8f3df60437ebd59d48999ff3cedde6cff347eec191a3c750ad552571320278a088c3338ef82ef95554ca7cc1866e5cb02a2e152862014404c7468bb0ea334825e26ffb1aeb738a0530e95e2a63049e3502a0e83f33ff6fd971f90bf0e491226efdd5182c599faf18604d7702579c6ad1704d7e13ac5cb5523e025b996acc1c2fd4f0f1ef1d86954afa4383457d3ff0c2d373b8605dcebc301ae33f5cc217ee3ac11f1402c7249d4b366671e9c69cd1119c301e915606fbfca1c93abef858d1dfbfc13b88ff55fd28d6adeec3c60b2f108377e9b15aaa8a88f3861ada6bf9c013a5bd66904ff7f9a99d6ec2e34307317cf0087ee30e72ad7f0caa6c39260a1adaa640ea27afeac65903f4104eaabb0f47fc4d901bf0d72ae6a2157ff135ffb4f2bd7bc7f1c8d12a27584f111edb95763cbce5e26cacf6dfbb6f3f9fce4b09b94ccfbfe479bc025469ffb1f109a69127b47423f0f8e132763d5e9204a082b92e5ebb7d254e5f99f083863af87d326064333e31e19717c7c9d12387681ec125f37c816793006ed8b061237f8e1fc943fba7b1f38131946be22cd6f465f09a8bfb303d39c18b3de8475dd6df8f7426c3f3ec1c5a5273ffe8de13f8f553d3a2be5f0e0d5ed699c0eb9ed7c74708fa97a6ee74b6fae91f1cc2f08c2b412d6e520a00bee9b23e7465835a039232d3161fffce0194ea3206e039f8c48315a3b7da51c2bbeb9fc7f3134f60d529a762f9e653e0d08c457e604ddcb02ae407375ed3abf5c2e42486f71fc4f8f113b8c33d1d5f739e2fcd7d2fda99314dd4b6bacbc1d55b7248a51cde0fa48d29827fc5608a0fdb35957db8eedf33f687abe61a8ef767ab9333557c6ed7304a9e2c7a92938abc8811f2e92b525a10507cde04fb8d890074d9bc69134eddbc09aadc9766f83d78e890aff93d8dbc7ecd2c34f2edcb7571ee9b069278f139fde8e96a8b040175f0d372a6308372b98246522c1670f8e0812593127c3609e0de0bb76fdfb67cf98aa00886c9c1e34574b5316dd52622f834d75b999e1acb7e44aa06a4699e550c809fb0248107f64ee0c983059e11d8bca60d5bd651918efebc80a04880c701d84dfaed5f0e6368a4ccb5fab27c1a2fbfa00f035da9d89e181eabe0ce07473034ccbea3b30befffc54cec715bb01b6fac7f1fe72786d0b37a357a57ad4637735d08d462161f4fa6f934d05364bb52c114f36d2747463036ccceab94c35df659f83a03fe31ab17118903bdd64e157e7f7b713b73575ce61dd9c1ec3dec1c4ee971b063306dbc29f0e7c36e40b0ad3465fca01ff57ef1a201393f7f7402932597195a364e5f9dc5868194017c5ef150abe1e1471fe375fcfce4a93a2f99c28b5eb0439426cba21f8afacfcc140ced1f5830627b927d677b565418d27b973117420f00ea63031401903ba1071de344a604974479f0b34900de95bfff32fe8829fec51a09e88540e3e3e3fc87a71fad93012fcfc704d88071bc4a09eaef0f2ec71fcc13aafa8994ff863fa341af7cebf102def0a5e38d7b8d320ade085ee3de816dde53d8e81d427b3ecf2c82243a9915a312ea25d23eecdaca4ccb940b45dc6f6fc2fdd646fc94017f8fbd3af8bc4660d7453be6bf9fdf8e7f7c711e5fffcd2446cbc1f05b89190e88b75dd4eebfd1d0f612d8f4900e5a493931da5f1d1732fde7dc6798fde2f3f60d0d61746cd4a8b8d8b6750bd6ae59ed9bfe7c3e83a34763b5bf3e76c0556dae68ebefefe569e38004eafe3a7fa888fc7c2a360b939e2e3225782b2380579ffc9dde5cf2ac1000cdfac3c0bc93a6fc32806fac8bd3a1f900a81c947e207a38c43259126cfb4fc751a6351042b974ebbd48dbdc4410fd1c12473ea68b6e9a7ffcc918de7f47282e14430424ed286203918057c4261cf27753ea6eb7bd8a2d33410eff642474cf92bf7ff36b7b70e9ba0ccf967cfea727305913138b7af2705782e62f2ee93472f7e2f33cee16ddfa681113558fbb0cab3b6c5cbe36f97fdafb0ef038aeebdcb3bd60d116bd13856027d840b1c8222959a40afd64cb962d2976e428b1a3e7f62cf9bdbcef4b6ccbf9929738effbf225b6ca53122796e52ad9a26c5956a7244a22298abd002c005850880e10c02eb6efbc7beedc3b736776667741112445eb908b999d3eb373fe53ef3950e2b1a40702713e4b2040c9dbd1d9a9797c98ebb171c3c7e40425a6be9f3f3f00a170489337a097fe4971192bfce1cbf192e3f90c9d8062a6200a1831ef404fb8ed99ae0e9cbde69d81970b00be575d53f3f0b2652b5897abd414603e8b2f090200a2b6cbe5a4f9de7cbc7c7ac99f1e188c66cca5befcc5ed56cb8dc789eaf8e56dc3f0ab233af5d1e8095a323cd66c9f7a1a4d0047f43db6d54f6bf2b12008bc71641c4e0c4668f92eac7d409b6f90e788e3e4bfb8364feb032007c7f26a3fd91ba035132516c243ca7558e04bcb5963105dc24ff6da813e0518e0544707048201e0ee7b7c4c2b57ae80eaaa4a8539d13188557fd34a7f901460e3d21ff5012bb9efb2e262484806f6bfd05b201c8ec2e47418ba266d3010b553ada7292706656e3531883903aff9f662970b009e6b59b6fc933535352af39b804020a00200525d6db55a25178c195c37280000660604860fc2220f4515cf8076eb979f1d202010ccfe496602831952759e0d1ed95a48a5be85c7dbd93a745efe76d720ad842c0fc1b5d090d7a757174271ae5df3bcf0f9eeec9c865de7a24209743554f8d9c56e722e6b0a838b2644cf64027a2793949fab7289f69003c64040fe8d8c8c4077778fe661a1f4bf71e30d720d4449cef0dc77aa17dc9628e4dacda53f0f518ad2bf7f5a160f0baa8bc065b368ec7eee075000803ca7dfb445602c268485c9715a8b22b0a0401e86ccc6075cf39981970b000eae59bb6e59515191a6fa8d1108a009804382b923674e5d2dd31ad4ac2d91b9b944326578637d3f2d18f06fa801a852539e4175f2efb78fc2ffdd316122fd333df1193e727601f96e2bb5f5fff70df9ecb9491ae6e7d7188926a1ad7b0ac2514cc9b54263b91b723d76e170aa14df793200bbce849512e8b260960fbab9d9058bcbec860c8ddf5e3e1981f6d184922d898b97155be063d55643c75ffbf193b496bff8a05a572da7b91e08ac43d3121ce80dc0eb2747e9fecd7949d85899cc28fd474300aff7da209094afbfa924076ea8b1438933c17c00520a00749253bcd615839824e9f25024b8b3214c4709feb19801970b00a4db6edfcada5e5958f29f3108c83e8029c51eacac28a735e0541f80483390fc9980c0601b590310b3e6d8845cd79b5d41f8eaef46a0e7423c8df4ffe0cf8e33fe03ab73e9980763c687948c3e7e9d9a79ddfaa3dd0178f9d0044daa92d8484579db24fcc5ba5cc87359b4529f9d07358c9f1d0833e60765982dfeffdc029bec3f1000034b7b61428ff838a8f4df7403fdfd8783490810c0fac9ce5e988cb2a61e8419579624616599b9f48f1033fee91356884a0c84c8a4d8e78405e5b9b0a810b58804056c4d235132ddd32d41fb5002a6a2094d21563c3666a296e5c8d18ff3bd3d1816bca68709cf3a00c80ec0bc37d77fec0695f1d380c014b1112727a694786e79592991c46ecd76484381046cef8a406f20890df9a026df0637d5b9a0d46b353113d46fef9e8bc0bef3513aa0249fd8d037cd71c1dc427b0a18b89c2e25cb50ad40c009cb51c7e1b15d17e0dfde9fa2e307d23ecd6cd609dc599d6f87075a7d706f4b0e01019bba52cffc068c2f66f4a9a5bda4d4fdc8e4a9d7cfc3602021e747b094e115751ed8b820c7d4e9b7bb2b04ef75c768229624a65d10065b5d6983ebaad5fcff3891fe478fb6a9613fb63197fe78bc73e3446be99b82eded23aa1982bd015d4422cf974ca57fff94042f765ad9f8030bcd06c362ad6b9b8aa032270eb5beb821001ce94dc0d181048c4ec7b51a00b9c6adcd71f0b361162c1a704da7065f0e00f8a2df5ff4636cf1cd19b8f34212da471214b951caacaf72508f3612fa004413a0c8efa79e5d91a2c4567c726f907aaeb90a8a877691e903ab72c065d70f06526f737b4708f6f546e5a1b94a5a309017cd03738bb4f9e15895581dbb6ff0c418438c9117e9f1dd93f0cbc341e8998867f764798cce46bb8c5250c4c18c9f5be4817b96f960699903d437130cd57d5e964b7f607d6c3f25e4a5cbf23b7626009dfdd344d322264385079a88d920323cdf8e6b03fb4f07e1ed8e3048423ab6c42ef063753668a9b0291a40dff97edac3cf4cfae371cf8cc4e1b9bd643becfcc2f3b7300f8400c0a717a9e7d67bfefbc9b37ef1a444ab3e4b2c251c37595a930f0bcb8850f025521a8bd20c43141ec7c3707e3ccc9abfc83bfa3d040016a93927382ab5b7fbec359d14743900e07b4d4d731f6e9adb4c99b46d3801af764619e3cad21a79ffee456e28f5d96851d0296202f06c2eac048ba5a045e97fac2f0c2f9d08032bc9ab8c07c074e05b9bddb0a4dca9b9061103fee915def64b050e7c576b890671cfb21ccd63c15a0436d61d48cf7cfa8574682bb9dec3031178f14408769e0b43db60cc5c33882569ea737e8e0daa0b1dd040c0a732d70e1faf27da48911dd2323e8fabeb0e9912e60348fb5dc3dcf28c6e5e3d9f383f319d809fbf3d4234281bfd0d2456b791fe8eabbc90cbfa8fa2f43f72ec1893fe2a6199afa68606c6c812eced9a8067deed61e9bd569ebc409e03c006ecc5a0c4fdb59eff483c093f7b2f4487302b198864796db1176e9cef8512af640800f85ef58dc6e1cda3e37001479592fdcaf3adb071be0b9c76cda5523f00d9befe5a6d2a7a3900e0b9c54b967cb2baba869eeef1ddd3803540c4269fc8b88b4aec70eb3c372d0bce3500fc31b12844417ebebc1de3e49d27a798f38a4b20762b64fbf58481aed78d08146ff69ffe304044bb93a504f3a512ad2570cf0a9fc60d20372771087b4b70a43f0a1de3712a713cb4669e1de6e46b3dec62be3c7eefbe10a7b5f6680f7bc225f5e465fbd9fb1360733a14db55167a125460f18d055e762448392e677cf498ef27664cdb709c86f11afd365857e1a01a95babdf6b7c886f9956506b6bf38df793e04af1d927bfce1b370d98909b6d8070da54ec5f9d7d787b6ff80e617c02a4f9b3f7e230157bbf29c8e759d875fed1880283b169ed79f6385db977ac1e590af47a93b2878fed157d1311085774e46542726d96e71b51b6e5f55a29891460080f3586404412a1db170e035eb07b81c00f066ebeaeb36fa892a3f42ecf59fed0b52db511992cb2ea136cf069f5beea59d81d011c84784395d2eea07102fb863401e4c2403805d19b5873ffe2789146f2e71aa37a703821fbcd04b24975d6dfec9348bb9c50eb873796ecaf5a319c0b58fc3e723d041d4558975c8e54c7b7d8d0baaf26c8a9d60946426fa0e46a7e2f0ecde31567dc7a6020079b12b726d70c712af664f2389fff4c1007463080e418c81084ae0bf5ce1a571ed94f35f42e617a3023d23113a5fed776a32ffb02cf791a3c768069e48f573ea6129d100f87658fdb7b7b78f86e6ce10ed692a14079fdb0acd552e8df75f9ff52736fc980a25a07b384641b18c68721544b32a2bcd0c0018958844cdc70520313fc04f08007c717638e4cad2e50000e9c69b3eae48d27fa52ab8dca9472d8c09d0546423cceba31a009a01b21698a411001100383d4d2406f5c073ef3539540d7909ef59979a472f02c1d1b353f012ed166453d4462cf479efda22285524b9fa586cd40c9055dc5fef9f549a645286b5c84c5b42a4d5c79bdc4696814022134bf00b72fd93510b6bb7a516df5845b497d573d4241c23557f6832064fee9962eab745697a8a0f6d63bd1356550a269041644064f0eea924947a2c3268cc90f9d3cdcb9eff01cdf3c0a77ae3861be42abfecb8383a0f9b7848a2843709fb814efaf37b13072af17bc46ec2342d380d00c4084885c32148476c70d06102002bd8ad6493a8fda1a1cb0200376fbe45c9007cab6d120e75879552d9f422c88f72d79a42dae5777a7a5a0100896a004e3a2a906ea70b03ee3f35019dfd212a019b2a736055532edbcef8d6f8929ee110eceb98a4b5e5f273ecb07e6101e47bed90b2173703ec728fc2a7f730a96db12a521b4d15f45ddcdcec31b87b9d075e612e8091c928fceebd613aa24dceda03a82c74c2edcb0be4f1ea46a13eceb42351f8d5de09d6f3502e8ec18fbf6e8e13d6d7b9d8698da4bebce1ceb351d8dd27973c438d6661a10d36d6d8c06503c8c60f609c012878fe8fb5916942f1cde0f698d6bd6675abc2e4f8a7bbb757a9f22b898c9e26e9870eac02d1e721e41db04f01ad29e94a0b009831381d9ccef80e77759c0402000e5001209971a70f09cd2a003cfef8e39bf2f3f3df58b3761d3d150781dd2708089c0e52950d47016e5c5200732b3c745d9000403018600d7224da1e4c63021824d29832bcc972cdd234db704200c0f33ebf77148238ec1f4b6659adca4bd740cc87f50da90020e9a4be9ea93173eff4401026830928c977407d99c7547b1007f00c4dc4e0273b8665338615f1e4a7d8d4ec8655352e53951fe9687f145e392597479314534c82e5a536d8506b9f01f3a76a00b81e2bf8e0a01f7e4d1404c84ccb9225b4de1f97ec58ed677864c420e30f1470e18e3f488ada4152d8de5803c09a9238923413008443e1b4f501907abbcfe220b59b1f7cf0c11d006a8774b806b481d90400cba38f3ebab1a4a4e48d95ab5a19e332afbb611e80bc0e4d8069a2762593ea0f8bb9e266a30735274c27f9b30683d4ede4a22436e81d09c38e63e3cc6e97cd006c10b2756521f85c56618ff48cafb71552e3f87c33c974ddaf76f4d35a7c627d034c81fdf2a622250cca8fad9f3ebd6f0a7a0320980fec32c9ba6faef564647e0ce14e46641368811f00b38c452038dad646ed6b9e3e811a003aff3611f5dfc6072a21508c8e52104851fdd9b9cc1c7f7a89af3c43e13b9a8e7e6c1c920100a291684647e0d0e000b610fb5f5ffffad77f085ae6ffd003c16c0100e5e8c71e7bec9bd5d535ffbc70d1626110503a10003a18047bb8cb8521e41fb4aab252e177b3d1849a93a763761326377d28ec8bddeea0fb0e8e47a0b38f9829e10414e63960618d0f7c86893abacc3b3164a8cc98c7f1c10c14d87ad41ef631130835a9ea120fac9f9f07795e16b6d4a9fc22a3fce8ad519888db981f8427384954b67df37a8f8ea9d4fdd1647ab62d0a2311898187bcefad75000d79b20f03abf89c3e735ab5fbd9fe15e5e574d82f677464426c04c2b5865d7d16383a2e8775b16bcff2c2382cf2274c1d7fe235a219f5469f130622f298069f2d09adfe08b4361465048058344613a1f68de0fef2f32877256015d9dfef923583f1b151048147bff6b5affd2f30667e31cbe94345b3090056a2017c6feedce66f373436826802d00d0cc080a6021300881100484aaaba57595121ec93caf8170304eafaec1e8395d7f73324d1c6d7abfe5aea9b88c3818118607a40b1cf0a6b2b1cd4eee6db9b8e53370504f358bfd9f4a503e3d04ecc005ac2cb66531c88794e0bfcd91aafb10940e6f69c8dc29ebe24f519288387248c3e48f0172d7214e46447274de6a2c29fff21ff57ad5c013816844b781c92cb9d7fbb7a24383a6a518b8a529692e0631571989b2ffa078c1d7f2f9f25cc1bb6aace5090f7bf7f650ef8dd90de048824e117ed0051b06ab2029d9624dc591fa660848ec0deee73ef7ce52b5fb9058c19ff43ab0dcc060058d8c7f6c8238ffc78c1c2457f525b5ba73063aaf4d72ec3e1c038569be23dd3002acacb5490e0dbc30c80405e99f941640004dea340257dd8cf9cf171691b61fcd730830e47ab318b014b757d618987329fd13ee6c74bc7f8f2be0a23f3295b8ed57b7ef6e62084690e3d8b8410b3e1f6e53e9a9464160d78f640107a836af2152fca89ccf6d94556c8b3c5e0587b7bca2da0faffb1ebd7b1ca4ef2b1d1f647e98bc7ffb77d92ee98b23652ee4dc2adf509c1f1a737130046a7019eef7428e0a1647691fd3736f96055657a0038354cb4873349352b9481211e627d79141a0b12bc58e8c4030f3c500d9999ff430504b30500f853388906f07aebeaebd61560a34fc8c604b0d0f1e2f4c510ec4f8ce9a68c1b60d363c3d85d488e042e2eb65346b2a461760e06389415091373d4e419a36d85ef16deac345bc6573de3f8fff1772618d3a9bdf7f045a44950cd6e613729eddb936d765fba69389a80b67384a14722509cef8485b51ec875ab0c6ae4f07b76ef04f4611d4f07733cf24c65b2f2f3cbec3031721e86874740f324c82c3a71172f5ea41c1b1b7d0c0f0d2b0cfdefbba3cc99a94a60eac8b313605990d0a8fe7a0d60608a68009d56a580ab7a4d008bca5d70eb02675a00683b9f845ddd0948d0736bf76f298e414b99fc9e602460fbf6edb5bffef5afc7213dd37fa89c84971a00b8f4472ef1fcf0873f7c79f5756bd614120010d57c8b22c5534d00f4012459e1cc2443e292d212615f997020d7d38743308c697076ab92d67b4bbd131697b0909e011060cdbae7da42b4830d1f0fb0b2cc0137d639211b92fb009ab5d7d291c0c8bd6351f8f5be094862deba550d23e2363890e9ee166ffab7453816dafc43d3728a71b58f8fe0d331bab84fbaa9c2ecea5471e809dbe0b7f6ee106c6f9ba26dbf819b0e842a89fd7fc752171df483ccad7fef97b7b4d04ebefcfab015181606e5e7fce57b41984ce06fc88625532741026af324b869aecd50f5e7c79a22bfe7b387e2728568e19ad08bbca1d10dad8d396901a0772c0eafb54720424d00b97b13b0f36f6992a08ce5866124a0bbbb7bebc30f3ffc0e64cffc573d10cc060050e94f3ebec71f7fbc6bddfaeb73b1b41767f4a9a8048786242082874ade857e2bd4e4aaadb227a702c07be2f10cb092e262f9e082f4dfdf1385b74e47c162b768d28add64fae5555e8d275cdcf757448deda12dc5049b919cead626272c2975641516b45ad50225866420c1d169f7c8cb72eb2d9abb6e6169af64db26a2b97c6a698ec9a1b4473a361883973a224a5724d4783ed9e48062af55c3b4e2bea90e413e55971b31bd1610e4e99e1353f07e6740c9a2acf43be1d6961c989a18879e9e5e724f5a550813c0d6ad592d77fa61e7c3e49f4838a26800678622f0dab1696a8ef054602cee7ceb6227f8bd1643d55f048243e7a270b837a1020059eef7026c25a05a5a5c901600920909de391184e3fd31353394ecdf586c81f58d6a8a370e0deeededf9fcdffccddffc0166c6f8e236571dcd0600a01e89fa6cfe134f3cd1bb61e38d2c0e2c33ff2f8fc5210a6c241ec88f66f31c3b2c2cb1d19d311558fea178584982a2227f8a0fe099bd933494c53dd96256e1e75a3c54aaea3580c95002fefddd09350d58c8a0abc993a5b0e90312662896592da07d7c7a33401b15c0fbf8edee61e8188a6ab21071edddab0ba0c6af8e44347304768fc7e0e94321a1259a7cec3cb2eb9756784c195d3ca6944e0b10be8b4ccfa73c3331124bc0d08518e47a6d90eb91b3904e9f3d4b5bbb2bfb3088c4d19c8b172d54cfcdf2041487270bf38d4cc4e0547f94a649fb7d365858ed049fdb62aafa836e7ef042023a09380623e4b72cb24363991d3c2e3b7d77320140029b94f44c43f7a89cb854cbf617092301bd3dddfff7a1871efa279819f31badbf6ae8520300b2143e39e4243f0180ae1b366e52d4f7d73bc8831e4bb27659aabd8721f4ffde2a67af615c38c9e2bd32e02789fae84f71fc3dbfef0274e1b1741d825000fde9aa1c28f1d9347e3fdc0f53689f7a674c1e0c64b729fb2051357c794ec61bc4229a381808db7dd517d8a18aaae0e66680c8cca805bc7168148e7507e933c8cf71c0a6a50530b7cc9d95a3efa5a353d0369c6429c0c2af4716ddb5d845fb02a46a01002218e074329a8409c228d53e8ba9a43732013480c018970242340a274e9c0445ef514000a079ee5c28c3442eee7b0887612a10d44873aae971064f8acc9e3464767dcc3f1d9512f331130060e5a06886310108007dbd3dfff6e0830f7e1b6626f5af6a27e1a50400aefea328cbb9e79e7b6ed8b265cbb6d6ebd62836ffb62311381fd4aaecf42f794cff63bd87fe3038065b7500ca315c6e3f8a3e809ed128fc66f71895e6169bda61a88430e49faed50e1f16e7ffe33539075fd6025429bcaede0deb1a3d0a5819d1b10154bfc38a04b613465c5262879be7a4fa0fd2be9c17e9e4fbedbe71e81c4d0a0399d4f5772d75531033f30120856312fcfe64147a83128d44e01888ebca2cb49497915660a405e8991fa7e8f8ebef1f00f1aef8715a57ada48d5ef975619a3726df88197f7ca08f3edb2f93d4cf06005003b0b2cace6600204989b4cd42903014d87df6ccaeaf7ded6b9f828b93fa66ebaf28cd06002037e4de7ffffd5b6fbe79f37f2e6d59a69800cf1d08405fc022b404633b2692f08d8d3e9afb4f476709d2007fe4fcfc3c300affa1177b471bb12769071f2b94e63be096650534ad56d5d82d9a9b1c26aae6d3ef0cd161ac40cb7e13d0203af4dd6b8b284398113a0fff7d774055bf1980d9c8fe58c4a35a603e4a22236641693dfbec78c77a82f0caa149a6f5a87df85083faf375b9e0b28386e1f526c16f8e8489d92424f158e495b735d8a0b1e0e2b581531d9d723727f18ec92427c70b4b972c01d1bc181fbfa0637e769d4995d9cd427e33657ea4c282029a4e9e090030f2944c734c048073674eeffafad7bf7e275c3ce3a7dbe68ad0a50600b4ff1100f2eebbefbe4fdc72cb2dffbe64e932c501787a300a2f1d9ea2155c783110bcf765d52ed830df4be3feb4116452fba3d38a4069f20070482ab6c22aa55d7e2c29aabff0851e0355f1636703d49b5e5ae884b9155ee3ed05da7f761ade44e79bc3a6b417e70cb4aece05eb6ab38b22d03b3678d1447b5d993308efbdbc7f14da7a43ea2848b2e5e62579b0a8da9d360f00fd1ffff5deb46cfa70ff0133c11af22d70fb5cbb89c4977f8789a8042746240af13872707e81040eab4419e7c4a90e01f0d46bc60c4e2cfbc5af01f33b300188dbfd46a3fc204dc80f74f3d9507e7e3e1dd29d110062f1b463027891d0071e78a0123eb8d4bf6acc82d9000034e6f3bef0852fdc71db6db7fdbfc54b5b64b719cb023cde13829dc7a7e4be6e64d9b2393eb8aed9076e227dc50e2ea29a999393939afc23487623264f994fb79d700b662904c77aa6e1e5a301b929a94d4da1c5eb5b5be784f50d6ecdf6995e523dc32bdf0c985ebfae7b984872f2c18b5d589b03791eabe698463e006c8ffdec0102be0ea73a8c986d8025bd3fb5d0a1d95794f4c3d349f8ed8904ada1486b0f900f96edfe6ff5124427476160605077adf2fc8279f32878f36385422125c7439fe7df71c102c72ed82040b4b9724f1216e6c6a1cc13cfdaee3f3c6a87aea013a20414cb5c7168298882df99042f7977723c9eb400808260cfa0057aa7e5fb2b7326688970cc0214898d0a1493812e952fe08ae50ecc1600e47fe73bdff9db55adad7fd1d0d0a4980066539e1320e7ff33f52f2929d2c1e3f59a4a7f0dd36a985a64667e2ee162f59c6e0808eafea835fcc76bfdac0c96588444822f7dac901617d593265188d06444a29d8623e4e76e2ab4c9d97f264c6ef85d000d232697e7cdb5807f7b7518c278fd76b5180a6ebfbac60eabebecc6f63ef9f7d4fe284cc555e6e7f7dd4cb480baf85955fd17cc1e87c30e4b162f929f33bb9600b67cc352dd3ae66f1bb1c07b0336f9ede1f505c9465baa22341b3093eabff3bc03ba020ed900b5cae7c396a45b6b43505ae0cd0800af9eb3c32051aa4289a4e298f63b1264ffb0e63c08004f3ef9e4e2f7de7b6f022e8dd4bfe24ec2d90280020200dfbb6ecddabfa8adabd32400a50303ee0d561c4dec832da3b54c6cc4f45a86d7f2b7eebb11b39b018050b178e842149e796750f61f10498375f7372ece87c5d546b50064e2bf22c6ef5f11e2f778dc2d73ecb0a8c896babd09d3ebbfa793f8ea666a04a0ad7b1a5e3f72819cdfa194d02af6d9e0532b7d7424a1d6de57d5f3c7de9e66054079baac7c9e126714165a4f2b972b5e07fa6d1aeaeb156d209948c0742824303f28a6de4f8f6a4b7b33bd1fcadc49d8521749cbfc8128c0b60eb7ea9711f65f501083f535565a57d20c00ce8c01ece9b791df946828711500f042792a3027cc053878f0c0ddfffaafffba0b3e1863cf041c66956653034000f8524d6dada1b4d77c1798588c37733300bdc81919dd54f5cf000606da0108c7317a48dd54fd06da59183b1267226cc1f5a33dc1140722dee3e797b8a0c42bdbf200a0615c4ea6925f9c37627cb6426168f26f723a0eedddd3f4ae9cc4ec5a50ed160a90481ad0e0df1fdb3eceea28da354cea8b8fc1ca8211e1fcea755412fbbfa4b8483906fa762244fdd7333f6eff5ffb1272655ffe5cd87227e1817b1646d3aafe83c4aa79e5b45c1741c9e5671752ee49c0edcd406b4a9aa602f74b7074d80a714c438fb25ef5540301682989414ba91600f6efdf77cf0f7ff8c3dd307b52df6c9b59a1d97202e67ff7bbdffddbd5abaf23005097d104d04e41f0feca2fa1c3ee5099141b494c4bf0fae9380c631569c2500b8814dd582d57b349affa1bd9f8c6cbf84e97e201ed3f1ba2598bcaf05be1a06baa1cb0b696179b51c988e9f1bec34465c52cc712b776bb748c2f6a01aab44e55f5cda6db8f4cc149a2c148cc79cb93a79abd8350e109eb8e2b9fbbb9b949eeabc0d66174279148a4303f86fb7efe7e0422163b88bd093015b72637019bead33bfd02c4acda7624293b966d3621372249de8b04acab77a4058033c371d8732e097172fe602ca1fe0ac41cd8544fae215f3d1702c0debdefdffbe8a38fbe07b32bf52f9b59305b61c0fcbffffbbfffe795ab56dd5b5151a538002d1a8664d97bc277ad39c05f4289081ebbb2cd14f9c17f7924aa38a4e48c429921fe6491330dc3a78281a9e44fbb6ee6b4fff434ece898561c706204614d0d018039ceb4f63f3aa99e3f21c7efb906519d6381ad0d36a5969fb84f262dc068aa0109be2dd3c0223109de387c01ce8cc4947c8b65752ec84ff4f0838278f918769b3bb789fd8c32034768ec1f0cc27d006dbd51d87326c6ca8233fb8230e9e6057625173f1dedec8842d728688abca2036feb621be4baad505c5494de0770340423045ca76392120af47b707f6d36201606e9ec38f57f1e7ef8e11fc3e591fa66eb2f19cd5622908fd8492f2e5bbeb2351f6bfa672dfd2d1a490fec45c4ac41be0ec7a4bfdf2767c359849e00f8783ebdd001357942ab1a8189db479234068eb1fec6022bd4f8aca6923ff343c9b485f6379a9c4ec07f6e1f921378b01cb68da5f19117f0f3ab7d346b319deabfa32b0a0707121a3b17572d28b4c2e6065bf65a806ed94cb400fc8f8e50cca328ceb343241ca04d3f840b558e8ba5dc2b2b2b947d91e1b000a711f3f370df39022e08046381249417d8607ea583d6eacf36e477f85c147a461354232823fbb73638695764241c4b92360a4024ff81d321e8bf10a33d15b1b2706b8343368d04c26cc053274f3cf2ed6f7ffb11b87c527f5607185d4a0040e200e0f9c10f7ef072cbb2e5d7e5e517301e955fdcbde49d393a261760c0c495d662b4b5527d032980c066de3f1d86f77b129a6c383e04fc4ea201d4e4ab39b29cc17f71382a8f1ae48d44086daeb3c1a262d1019789f9536d02fdb692e11779464e5a9aa411002e456fa6f17b6d07e2542d00e089b7c97e567b4a05605cf78deb9cca76e9191fa02720c7b9ab7284757aa9af677ea3b103e41f86fe26a62641d851b966acfec3c37fc0223b8984c8f05ae657e6d974a6c93e99281300601e000d41271269730118003c4a00e05198fd0840b6c7f84074a901008f877a93eb91471e7975f1d296b5f979f90a33ef3d2fc1fe41102419598aded64aa25296594d995e5c7688d8d3ef7484c1424b8bdb350eb57b566077212b88cc7cb037066f9f4b08adc0548de1fe654ea11640669320db872699cca004ed41c705a1d20207ebdaab7dc9f5a143fcfe835747d8f805bb7afd20dbd2df58e7326476711e5b78bfd8c9e2f8e419e49243dd520bd46c9aa916c0a767ce9e25523dae0203a87e80da9a5a72b976fa7d3824b7f4cab327c16eb9fccc8f942d00608852dfc54824048093278e3ff69def7ce751b87cea7eb6db5c14cd0600502d8000c0b37e7fd16df3172e5418f8c7fbc84b6861038104c6c5d16c5f68b19932bdea8db7d07650cfbd37466d3654a72d4c9a2ea870c2cd8bbca067e4178e04e1f484454dde61dd802ce405a31a439e0d84d31aded224510bdb87e54eb2796e0b2cf267f6fc83f8abe8547be3c5926e99fafdb54313707c20c60a71d894587703b98edb17b9c18cf1716e8a683ebf3a1a83080fb3b14bc7f4e1bb9a713871764c2f3a11b142ced973dda0b0bec0b468ffd7d4d4c0441868724d88b5edc6758bf3e3509f9b483bc0473cdea5223f16a4b15ab2008024d502cc0801e0c4f1f6c7bffbddef3e065756eaa75b3f23bad4008084af98edb39ffd6cd90d37dcf0725979c5225e13f0c77bc210b53814494c4fced4c4afac7168557f009d59a02c80684c82c3a783d0371ea3cb16d478616135cfc4d36a106f9f08c2e1f331d94b6c170a4690737e7a091b4167c8fcf292aeb104ed25cfa527ee5fe201f84c33abe5978124f319f59b0e20f4cbb06bceb3bb46612498908b66906b40e7d69dab72e954de52d5c145c7dea19e18bcdb2d8c20143200d75559a0a5d462c0f0a0a8fa5801e8e405f90155e448302f2f091393937400909af6ab4a7f2cc75d4c24eeab672c309d60fe0a66b220d3ad2b8f41915bba6ccc8f8451001bf9ed2f050074769cfad95ffff55fcf7448f0a560ece40c96674db301008a16b065cb96caad5bb7be505e51b1003302b135d8ef8f4588fdaf8edeb390875e4c18eab32b3dcade1981c0503b30d806e44a3ccfed19671e789b3206010b72dedbea3309f7a90b9fd8352d178cd4259a5c57618335d5592000a40701232d41bf8caf6aef0ed23658b95e3b3494bb68383093fafffee910bcdf13579b8858d453adaab0406bb545c7fcea7467b7044731cc8fe0c142ac737212b0cc3d486b372a6712ce891ef790250776f6c86029c9411ac51f50931327a0933acc772c6285f6091b04133628742660415e8c9604cb967a8236e80c3820464e56e38943a32faea4f26603005de4dc5d01ec2494805a4f8ceeaf271c10d4d5716adf830f3ef8e730fb8c9d699ba430d54708b27e70b3010048540b201fe7860d1baa3efde94fffaea2b2727e3d0181d1a904fcfe50903682646f00ac9feb81965ab721f39b01813c97665ed814135fde3d3ea964f05515b9e0e6a5b990e7b1193c04f538bde371d8860538a8f75ef01f90c75b9d6b854f2f7240363444cc95d31792445a5ba031df42db9867050286df0da4bdd93cf9df3b1a83df1d98a40028d9845198e4e5ffcc12070142030020343c45b48e76498e58b0145d397041b4004b37d4e6c40c730b7000d085b00d769e25aabecdae197340b3fbbc09023c49b64866feee292bbcd9e792cfc3b647d7e6e6aab0529a3b1d1d1eb1c3e131a7a6ddbbdf9e84cdd57255df4c00f0fe00018f494c06c212e3b2a6d2e88bc1fa32ed10610100be045756ddd733bff85df34a65a2d9020086fbd421e85ebb766df53df7dcb38d80c0bcfa864662c7031c3b87d968565a516641b589f4370182d47975c6a25da8d90e43586e8715f2581bb094bc00dd13199e8cc3afde9bc40ea182c35166de2a048025aa075f25edb37fad330ec7c792ac0597859a0d7736da88196151b637d210f4cb44e63693f6ca37ddfcf62317e0447f4c5333afb9dc0937cee7854852a5ff91de18ec221a80d24a9d690ec9781c6a92bdb0b0584cd09141004ba7575555432c2ec16bc789b9275935894338dc7b590501cf028b46ed7ff6a40302099b8681f16435de186caa8ea57dd102510b6ceb7069353424c2c4ad255158e04fa40580de098077fbec1027d782323f1a67b528712c424d8400960a400c00f63300b81aa4befe73d56800fcd8bc429067cd9a3555f7de7befb3050505f3e6cd5f487f10d33101900908d4194386d7f0b2c1f7d489e9f267df1b87be89a4b6e82479413e3ecf0d0b2b1c9a17564fed837178bd2baec9ff4742a7e77d4bec9a1d33838001a31baed385f4d83c56ff3d3f16a32a7965a103aafc0e3077fa619dbe18bc7a3c2c6b0e763ef4983048680aea9da3b0b0447b3df84cdc1e0fadfd8f84fd0b0f9e8b8258fbb0a6d00a2d35f6149bffa9c32c9557aceb4f9663838f3b9bd317ea180c602ab023a5c213327039d13636cf89a50580b6014c05b651e6471088c6e572f4787e5a155848054600e83c7572ff430f3df4977065a57e4237bdea4c00f1f83c37c0bd7af5eaeabbeebaeb91d2b2b28d0802763bd52dd50ac16c0f33e97f7850827d43406b0ae2409ca57e095697196b05c211d37cd73d02037f0066c16ddb3d42fd17bc6aecea262f5cd7945a3f5021f6f8b71d0c42dfb455538094ae222fd8a71638881961d1ec6426f57ba7247a51e8b1cf75e8d6676316982e637baa88a1ac0b1349f82cd17ea6e242c96d42b1e971d8581b06af2315b430f68f4940dcde0f46923040cca82851ab71c83226f81839fc9eda9b508a9ce873f93737a53701c68879f5023155e454603513109ff182a238b456a537014e0dc4e1c079c2fc160202041d638924243017807cd65727a0d1aff21203800304001e802b23f545864f08df2f4afdd7bfebb3451a10209fbcef7ffffb8f1273e01373e634d0b1fe5ae99f0a044827872578f39ca49400a78540c9f255a500ab2b2cc69a807087faf546db681f8a76e1f0240e6691a0a4c09ed50020a43f1c9c22b6bfa471c0f19fe8734b1d5092a386423500c096d171f8271372088fa9b84bfd00d757a81b6552ffd3317eca325dd2cf083181769f0c403fd180508afbd05cf34f42a15b968a7a1300e3ed4ea1fc97d1d4c8dbbff74c0c8e0f012bd4ca9e2d3260bd9556e7cd44afb64561206049290bbe75919556154e07009168125e381c8650c2c200404e0842dfc19d2d2cd59a9100005f81d997fa7a755f94fa7a0d40dc6f46743900809f4703020f3ffcf0df5457577fb979de7cf0e6f80c985e0b04bf3e1c859128311bc472dec0ca612db31aaafed830e4c8b05c821ccb662f2b069a04236ea37f0a665ac1c5d0f19e306c6fc70a484e8d14c56bf8d3eb8421c4266aff5307628015ccf525bc6eacb1c07cbf45bb8709b32bdba4637c410b50795a05034c65c6792fb9eefef3e74112ae536468cc00e47516f4a5bcf4dbea696f57048e9f8fd3df1553705b6a1db0a0d20ed910aaed3b4f45682a30eeef735b692a6f8d5fe6de4c4ec0f1400cf69f2626d28538c4c9f762a299adaa77803f470bf408001d274f1cfcd6b7bef555b834523f9dbacfd7254c3e7adb7fc6cc8f74b900809f4b03020449ffacb9b9f97b7573eaa1b8a40454732015089ed84118c9e516ca80b343620e41abead4e37be0c8b9e74f26d5f8bd5576c07db2c12238e0e0a299df6c95fe5778a76d120e9f0b31f5149d9e36b86d9990ff9fb2a3cc5c7de309f86d5b54753e5af959259893877d0cac69253f9f4787eb0839bd931ca6d8255d0418b0ea3d78ac700446583b6ff54ae5edb0853ac6ff8db2fb8ca69793b2cd0390d8ba64d2f81a0500f81a5c1e759f337a1ccc0160c676bf48971300f8f94410c8bdf3ce3bd7df74d34d3f2a2d2dcb9953dfa032bd0e085e391c80b317408de7b30d729d127c61853345f57fe9641cce4c5ae41460ce4012e6c15be093cd56cddd1ba9fc664f26db0726fe1a534482a21445aa2a72a66c25e977205fb063cdef0e87e408041f25c73480fa7c0bdcd2ac0300760c91b1dfe54d379913b2c28ba1b504014203b53fc51720af4b0adb4c4d4ed2f8bfc2c4c2be1e8f87d8ff796cb1b9ea7f2568660020998e07080602d0d579ea100180afc3ecabfbf889eba69794f9912e3700f0738a20e02300b078ebd6ad8ffa8b8a1ad124b0dbec2966c0c864027ebf7f9226e5586caa577acb220f3414dbb50040feffbfb7a759110badc98029c05f5965cf4af2f74d49701ef35d08805412b5b03a8ddfcf9804064f5dac7c31d20470e97fbe31269720e30e2ea6f16c6ab4c3bc326bcaf6e2fc0962fabc853e139b554d01265f2b3c127ca221a9615e3d189c97737c68fd53390e2f97ee1a1f1f837038024626033a00bd5eef55c7fc48970a003013f0d0c1034ffec33ffcc38fe1d2487d33c6e74c2f7ef44ebf0fccfc48570200f87979881083e9394b962ca9befbeebbffb6b4b4f4d686c626c8cdcb57989f030156b63d46d4e9d1809c0db7a4d6032579f614e98f939fed9a844082c5ef05ef30f519b4da850b3156f9df389d8413e3926604e1fc02809b6a2ee69165060249fb8512e62d3cbff702cbe3c7421916985781f17b8fba8fa43b035bf4fb6351383f6da3b9074a15635c435e9fbbe72721d795aaf64f11de7eedac054663f23d2368d479937053458c6e33343c4cbbe848e2abc740037b37601bb0ab41e5d7d3a504808307f6ffe41ffff11f9f8499317fb68c2f4afc59677ea42b0500fcdc4ac620f9e05b9dfbe0830fded7d4d4f4adaaea9a9ccaca2a53c7a0f2cda21e4e5cb7af3304fbce85954a3116a631acaab143eb1c87b847cad3e8bb90a4fe03d977c03508f971df35cf0a25993401c96cb164ba9d1100e0321cf7707a200253e104cc297541310e5e32607acd31c8e4f9c3d3703e689313792c1635048983a0e64950e455f7e540f2c22980fe692b030d50721e96152560993f4a0140b4ef552d0294fe8dd8b4b573d206dd2107e43892d094138332b7797e3d27cc0ced9ab2d1e4219f3d69988a9b8e0231b27f40f6976041cf1aaf7ace6c00608cbc2adde47925b04ab22b0a85ce5410400038b07fdf53dffffef77f021f4cdd173f22d3c7c09cf9f5c7b924742501809f1f3f08028a49f099cf7c66cdfaf5ebffa1a4b4b4b1b6ae01dc2ea701006406032c3f7eb23f2aa71d9397193586ebe77940bb55ea93d87b3606fbce4b6a092f219db515f3e7ab328701d1f9766642a2d5748bc85d35e4b143cc1804d85ffd7765b1b1fdbfef7408f677c7680852b2d9559f894382bb9759358ccf1273e1477be2b28f45713acac7c432dd1faf9a2626c0b8a1bf009ba5fafd7ecafc2f9f73c258dcaa462dc8c1d79784a131cf1c04c6c21678b5d74d4b7af3f3d254deaa704a696e23c23cfe9d834236a0c452794be524a24c00706cc40a47c66c80858f1100e2f1242c2d88428b5f9b85c800e0a702005cacd4d74bfb98308d41aad4bf24f6be115d6900e0d7a03709bc68121020f89f9595959f25da001415979832bf211808dfa7a69390e7b509cb74b25ff7148e744761d7199979b42308c9cb5c6b81a515e90100872abfdc25333f7f291104ee9823d148447a10607f8d802183d34f12f6c036602fec9b80519a712d33a4935ccbcd0bdc505160d1303e17e8fff92ef39b60814efeab9075589afb86f249a1a9877015e43baafee800dcdb6f83f671a13c37bb34a785681d0d214d4c5da457cf3a60206cd7000f5e5c632e61e28af4a9c0083a5815586938cbae99fe56651168cc4f9f0a3c4e6ee995b3763a0e202e3100c0e2250418b6d685c1ef569f2ad604dcbd7bd73f3ff1c413afc0c533bea8e273668f42aaf4ff40197ed9d2d50000e275e84d02df7df7ddf7f1952b57fe5d49496959ed9c7a3ade5cd9210b3048fd2e2c33598ebe865fef9920bf8a5dd30300fd079f6f75d3905a3afa5d7b82d8df16b5662153a5e71500dc582b6fa397e49c248305a9525f33630a02c8d8a7fa4230154a82d36185ba12271d90944cd95e76f2bd783808fd985023f40da026400561465f00c29130f7166a9c801eaf07bc1e0fbcd261618c6cd500006eb4a52e0a6539c6b6f55347ec29c54e703f9f3d0177cecd940a6c8157ced8d57a0f0200d4103362534da6546080a32336cafc980a9c20cbe36c3d4d052ed15605feddef7efbbfb76ddb76183233bf919d6fc4f431362faafcb32af545ba5a0040bc1e6e12280ec2c58b1757dd75d75ddf52b481a262110152c1c0f4bbd932dd7242670623b0eb6490b634e7f1fb2d4b7d509c9b7908f013efb2f09d98c003280901ee6f51cf62c4ec7c824548fa83162a35711cbecbcad664c1f490b24eabea8bdb488c27e990dca938bc7e2c4807d8d021c0e4c2b12edf8df31c100a4ed2d65ea2e9c035008c00a016f06647127aa66cda4a4d4809c2c80b12e033e99ef6d4bea45030551dad4853811bd3fb0f06a7240a3c2a68a9fb37e6c7617d4d327d2af06092a5025b650d0001808e084c406b791c1694a84ff7dcd9d3f0cb5ffce2ebdbb76fef027329afb7f5b9d48f8196e1f9c748e59f55a92fd2d50600fc9af40e42ea1bf8e217bff8f1152b56fc9ddf5f54565357072e975bc3fcda59fd7779261be617bff48dca2aa8367e9f3e11e889b726c855bb524610621eff9fb4580d785ebbe0c428c05bbd6afc1e41602d9144f30ad87ba1637a635340647ad038ec78714e79314714b95457349684fef1388db49417da0900d0b2c3303a369652fb9f830136deb011093c38918457da632a33d2b02561649f049be79b03e79b2762d033c9537955066e219a474b65e65774db81a83c9a50a99624d154e02df32c50969b3e153840b4a3178e8409075aa9af28c6d6392d49d8bad00a3e61c0276b0df609c8ccf862028f68db47c19cf92f9bd417e96a0400f1baac90ea1ba8bae38e3bfeb2babafacfcbcb2ba0b8ac8c98e96c5011f98b3d078f0d5ba03f244bb139791234e74b4af51e238dc078b9f163cae681bdd116805343091682e40e380996945b615d3db31f52b47f79ae6f82d8ee1da0c4efb94d4c73d31b307cc7b6cd601a18a9f9b83085f159334ecd32490b10c830172ec8ddb024cd7af96f6141a172175d8371d87b3a426c73d9f4692cb5436bbd23add984a9bc6fb54760800e7a929f7063a90dd63765576f612c98a4fb639720be3f9e73414576a9c0a789b6b7fbd43404a3f2f91170d7cf75428d50fa8d8d0338f3d0430f7d13b4129e33be3e57df4ce28baabf91ad7f59189fd3d50a00e2f589da00be111408eebefbee5642df2e2c2c5c5e59550d05e425c4917b7f688fc268d22d0f1ab2cbb67b915382adf54970db84a30a33665ac1c53ea83079a15f3d38210fa261b6f49c12076c9cefa19590153200817ddd71383060551b78f2e221e4ff866a02667e550b50f74d95f6a3040023641936f1ccb1ab42458de1270db400e31cff783c0e01cc00d41f03e41a003c03f083d218d13a62842572dc723eff4c69f082dcd9a7d067d594f4c616e1567c9e060080cd4ad1b441101a675593f5fb236104a0bdedd89bdffbdef77e00c6e3f245e71e67f2a8c1876b04574cea8b74b50380788ddc37c0cd020a047ff5577ff5f99a9a9aaf1120282f282e8717da6d10757ac1c2abf8305a5b4e2470a9a4b7094c787e06cc2f38adf4840545f0c5c297096be9ab64e6fcc32e4251d8df97d03611a11b4870432d018022610f91e9d9770c3fbede6d251a905ac66c11b1855717b3b8bac2f806037f0034893b7c3e140ed306a0dc0128de3c0ee9a6233aaf6232aa0a8c7d0aa2e49e1269ca80731a191e82b1d191e033cf3cf3dd1d3b769c0663c6e70ccfa711612a4afc2b2ef545fa30008078adfa9021ed41b062c58a8a4f7ce213ffbdb4b4f4debcc212df910b45309ac8914378205700aef0ca369dfeb6f53e0234214e8d5be46695e47f333121f29c52ea95a42329ab450029ea3bc079627fffe150501d1f6fb551679cd39a844f2db6419e4b2be9d5a3c87f5f3c659199df2a5720e25ef1e5fe382ca32060ccf87b06ecd0898938162b55d75bf223b42e1f120240241231bc03b7cb052e970bae66120100dbcf874361daaa2c13e13d0f0ff6c3d0d050fbcf7ffef3478f1c398245ed45555f94f822c3f3797d788f27f4cc4a979f8ba10f130088d76c142df0a07f00a30504083e17b615c0c9403151839dd421d45c62850df3dd60aef6cbccff874e0b8c322f3857bf6fae4a407d9e64722922a5f93da5cc20c02747cf85e0bdceb032e8099b78ae6970c2dc32bbee388cf5554480ffda9b00c921d4c763a13c4ce6b9650e8ba9eb24fefbe7317e6f57340679dc8004eb4b22d0981b87e9e969d36ab9c8fc5803e06a260e00d89e0cef259941eae37a22f161746478baababebc57ff9977f790652e3f85caa470c3ea29d6f96d003f011007ce06b37f40f6cdebc79fec68d1bbfe9f7fb6f9b4ce482dd5b02cb1bf3c88b2a6b0056f108c2ccee6e09da46850ac0bc40a54582fb1626f43b65a0f46a80946621be2581e9049c1b8e52f3a1bcd0418b71281b2575fb0ba0f05fbbc3da4ebe6c3926f3dc52af26d588aafe2f8e5868b976a56c38d31afc4ea235cd09433018547ae6e909e3ff369bd6c33f16b5422c69811c7b7246957df97e0eab44cf3d531a0cc925def5e7c5be00816000a2d158c663e088bf919121a2f60f1fffe94f7ffa445b1b660aa424ef70e96ec4f846de7d2ef50d7ef42b4b1f660010afdfc83fe02140308f00c1ff2040707b61a11f4acbcac14124963e5780d38b6d31e80f3b54e92fd8f79f9a9b84e22c46034e919fffd40539a51587df567a752fb2f0d327f52b525d0390caf0f2322d3faa9efc5fbf1fa421316d275f80267f12aeafd3eec741e0c9f7e30268f06722d1bc85bbe78709f3040daf1f374300b0b2422718467bb5c70563719b029e8d39512525d78c3062f06aaf763f2cedbda93c9cd54b80a9c46f9d774140b2295a5b4b7e6a2a6f3a422ffff8e8288e781c79f7dd777ff69bdffce67d50199f33b5a8e6eb01c0c8cebf6a199fd3871d00c4fb30f20f2010b86fbdf5d6b91b366c78b0a0a0602b024101910839b9b9a0f705fce1480806a66d42ab69d501f785a552c60cc08e510bbcdd87d1075583989b9b801b2ab8f660eefcd37c3360f8141342f0e28bebd193fed2a169b9222f1b425c9863815b163a6878cbc8c9f7ecfe881c47a7a5cbd416db35b949d8501b83703864fae6e6785507a092d2ab1440952faaa5903063b1f9e09e377b1cd0139cf97e9cb69d72422029747ea26c27c1a6ca08bd8774845d8ec6c646d1cb3f7dead4a9579f7efae917070707a7402bed91c1c3eca377ee1925f3e89d7b571de373ba560040bc1f3d102860b062c58ab23beeb8e3cb2525255fc8cdcdf32110141416293b6287dad78fab2308b934aaf001dcb6d0a139899ed0fbfe4c9b853ad1b425bc8000401ce6161abc0b4930f50ba46adc49ddb2d46d384363e4a1b33f4adb8aa3e9d054e630647c3eed198dc39bc7a39a1460040b4cde297027e50880d1c326db6121104e4f1d75685372d9ed961369beb9ce5c1a9bede77726606b43865460c2aaaf7471f012f6c7dafe980958650c209cf1a72627a0a7a767e78f7ef4a39f12c69f046daa2e677c9c8620d5c6374bdfbdea199fd3b50600e27d8940206a05749c010b1f7ed59b9353813904054433703a5d70f0f434b4f5c5e4118484192a0a6c70d30237b5c5d33dacfe49095eec48caf5ffc4412de8812f4dd28f965223002a25e1dc948ddac4b5be04b3878db40029ad6960c4f4fa794ea8391c27f71d24af7761ae8dd6e3c3f6da9803108b193311aafe2e97ea007cea0008da937a9b14001acc25b9d97e7e671cb6ce4daf01d0ecc3932c95581cb8954812e94fcc8806edf63ac6dff5dc73cf6d6b6f6fc73ee7fa783d677691f145555f94f61f3ac6e774ad0280fefe4420101d869e2f7de94b9beaebebef423f416e5e1e1414f869319281f118959e3eb741f72083a7d67f81a8dec763ec4574281e7864360a00e546ef044fc457df98b19015b6f7d8884acb8a7290e39413297c5379244585a7bba6f99e69db6c0801003f468400204600b61dc4945cbb36a5379984467f12d6cf317fd55e6d8fc9a69755e85c94c57e9c5e381882b1b050be9ca5026f6ab6d15e0448e8dc9bb8300e535393a193274fbe4ee8ede3c78f73c617257d26af7eba38fe8786f1395deb00a0bf4f317c2802817be9d2a5655bb76efd5c4545c5e7dd6e77793e6a05e443e6d33c2d355b0d3bca3cb327484c00c600dc334e5ec65be759a13cd7ecd2b492fd25a2ce0e846cba5e84122c338ae3f323cc0004664ac8fc6621404cafa5e5db18614aeeab47c3447b52cb7bfbbdc49458e4341d0afc41f6539fbd043d2371da2300b3f9ca88d68683984a722d54d25f208c1f989a1a3d76ecd8ebcf3ffffcdb434343585d526fdb8b36be68df8b997b977db0ce6cd31f0b00e8efd9d44f809f7beeb967794b4bcbfd7979791b5d2eb7cf5f5404b9b97944b83bd23eb2b1a9046c3f364dabd3f017f9fa6627cc2d91dfe2b46f0a53e79fdc2fb12c408b323c1697d3387e5d946d6accf068b68c45e4ebc38a36d914d3c844a8fe272563471a8ec1d087003933062212f87d56a829cabeb4f7c5ec674428ed83c10065fe818181c3478e1c7967dbb66de8d517557c91e9f5f6bd19d35fd1b4ddd9a03f460010ef5def27e089454ef6717de31bdff8447979f9e6fcfcfc0d3939393ed40cbcde1c70899a818eb01b0e929fd8d24a4eb9266bcf8c24f8f17bdc8ce03df958228f37015bea55555c0f0203410b6db019b5a83508d6178569224f36444b724dda68610d2ca7c5e3f0a801986911c8fc3c0478a509b3f690e165c69f1c3d7dfaf4aeeddbb7bf45ecfb3ed0c6e8f52a3f9fea557cb3a61bd704e373fa6306004e7a3f816822f02c43ea2ff8ea57bf7a7b6565e5cd0505053710d320c747b40204035f6e6e96a7e2de77f32d5e3e12a6ccacef45d8522e7f3447e3923f2187c2a216a18419331db6d664eeb03b18b4c29be79d9a36e8347e5f12250060eebdb711f59f3702b912a463fab1bebebe833b77ee7c7bf7eedd9d90cae07a10304bd5351aa0734d31bd481f01804a7a3f819865284610a8cfe0fefbef5f3f67ce9ccdc44c58e9cdc969c292d81e04035f2e2d8e9189cca42a7ae3df680bab660461b0f23c0b6c6ab6d332dd46d4352ac1ce3ea183b19002dc5214cb184bff55bb43060fb18230a6029746a0cecbc370a9d76ba3c5562fdf2b8429baa1e969caf0c1c01466288e22d3efdab56b07f920d38b317a11008c86e18a35f9ae19a7de4ce9230030263d18e84d048ddf60cb962d0d8b162d5a5f56567693cfe75b81da810701c183a6828b162e31a2740e3a3423c68209282bb0a7b4a8d253d77012769e03359b4ff855f51d6ef5442bead038ba2e7c49a8cc1d879b6b22a61a8b9576689add570833f4c2a11065782af1a7a67a4f9d3af52e51ed8f12698f951344e9ae97f4e96c7ab3d65ad73cd38bf41100642623134104045143a0e6c25d77ddd5d2d0d0b0d6eff7b7124058ee70382920e0c0193a75bac0ca9c6797a26e3e3aceb6ed8fb022a642351ef22e6f694c4299cffc1c83931847978438ba554960c238fac61af3441c5e6a1d4d90bd8376e80a38e52c48d45a9c7158551ccd687e88c4257c341aa153647e64f8a1a1a1e367ce9c697bf7dd770f0f0c0c881e7c91e9c51c7d7d81cd74bdf4ae69153f137d0400d99345376fa41d88e145fe4140585a5d5dbd383f3f7f21f92cf7783c8d76c2ac2e97ac1db83d1e70d81d60cfc27430a3aec118ecec88699a9062459cd6dacc4eba6dfbc2722a30f73b3004c07a7a0d7e73dee0d29fd6020c39e51e046235602901772f30061064f648244ca53b4e51ba6392cef8f8f849f2394ba8ed9d77de39dcdfdf8f0c6fc4e0faa9516dbd74893a7fb44c2fd2470070f164e4331001c1c864e0d105e77df7ddb796980c0b091854132da139373777a99c59e7a640807e04371d6863cb7abc7d209ca4a13494c835c5994d074e63012ca9a5f53b50f0a8cb22084fe8cdb6b05cd34f344108833ba5387c660916df8841943038adbc43a6c8f008009cd989842702fe4ce78e1d3b4e825682c74c3e09c89ee18d54fb8f989fd147007069289d7660e443104d070e0c8e4d9b36d5d510aaadad6db5d96cf9080c84f9cb9d4e672907072c6dc57d0a4e6a4ac84ceef1ccb871610a0d5e907d05396ecc80ccfc6aa0c48eb12841f7a03c64180b9a14ba63904c24e8341e8f4f1335be27180c0e91cf606767e7915e42070f1ec4f09c7e98adf8d137c6346a9661a4d69bd9f21f31bd017d0400b3431683a9080846a68355987290504c898d1b37561360a8f6fbfd950418aa8804b592f9159224590958f8bc5e6f3d3f396a0ca83988e424cbf4493b99884aea4432755952c911980e0402678929208542a10164f068341ae8e9e9e99a9c9c0cbcfefaebbc7cb6be6c1677cc1955d731eb82ab9fff88e12f017d04009787cc00c1e86385543342fc0ea01dd3c03f0ab810f36215f00a7e92644190a8abab5b954824ec84796d081eb80cd781da4a834f159a98981824eaf910b3f529b37577770f12e98d39f4fa8ab738cf9994136750b10f9ed1401a3369ce8f95d41d0fe02386bf24f411005c19b218ccebc181cf8b5a83b84e04079bc17a2449388618adb0831650cc4a9beaed66f1a3ef74238e8337da371da31b1d1f00d286e63e62f84b40ff1f90834172a2e1562d0000000049454e44ae426082);
INSERT INTO `tuser` (`userId`, `login`, `password`, `role`, `photo`) VALUES
(3, 'pacjent2', 'pacjent2', 'Pacjent', NULL),
(4, 'pacjent3', 'pacjent3', 'Pacjent', NULL),
(5, 'lekarz1', 'lekarz1', 'Lekarz', 0xffd8ffe000104a46494600010101004800480000ffdb00430006040506050406060506070706080a100a0a09090a140e0f0c1017141818171416161a1d251f1a1b231c1616202c20232627292a29191f2d302d283025282928ffdb0043010707070a080a130a0a13281a161a2828282828282828282828282828282828282828282828282828282828282828282828282828282828282828282828282828ffc20011080280028003012200021101031101ffc4001b00010002030101000000000000000000000003040102050607ffc400190101010101010100000000000000000000000102030405ffda000c03010002100310000001fa70000000000000000000000000000000000000000000000000000000000000000000000000000000000060cb93c097dabe615737eb2f9c746cf6cf35deb271400000000000000000000000000000000000000000000000000e645bf07cfe6e37b6a6759c30641bcb587d07d37c67d56f1ef06f200000000000000000000000000000000000000000000000e4453f018d39f4c329700ce0338001be921efbd2fc83ea3d31786b2000000000000000000000000000000000000000000000f987d03e538d33ae71bdae49f40c6fe5b8f55e7352bb6c598649832319c19f41e7b63ecae674faf20a00000000000000000000000000000000000000000003ce7cf3dcf86e7d31be92e75ea3d7f23afcba229b070b99ec07cfb99f54d353e4fb7b9f2173535df5d6719c0f57ef3e45f5ce98c8d640000000000000000000000000000000000000000000f1fe27db788e7d33dfe2fd2f9f4b7931ac3230ce066b7293bb539b70f0747e8ff3ae99d33b6f73a7d3be5ded759f643a600000000000000000000000000000000000000000000f33f3efa97cbb9efd27b7f15e838f6ea6bc5c1dfc55b72e34dc703b98f2f67ac70fb92be6df49ad6726bf72d4bf25eef1b4ebcbecae7f43af20a0000000000000000000000000000000000000000008fe47f60f976357fdbfcefe89c7b72a9d7ebcbd271bb329a6e45cbed40713d0622b674329057bbf3967999c3a73eefd27e35eb759f723a60000000000000000000000000000000000000000001f3bfa27cef3ae1fd53e4bf46e3d68fa1cb3ba3d0622bd8ab6a6b382e6bc7247bed9db4c1e2b8b9c6bcb9c6498df51f40f4df1bfa46f1dc1bc80000000000000000000000000000000000000000f07ef3c4e6f8feff036e7dbe9cad627aad6f0c9cf8c09935b6952937d886cb5ce0e3f77e7173ced4df2ce19319c64cdca583eb577e6ff0048e9cc350000000000000000000000000000000000000001e4fd67065f9be338e5d3bbed7e5de8274f73b47273bcf8baa9d69dc2e040cf9bf1f620e9cf53363000338c927d17e75e8b53e803a7300000000000000000000000000000000000000053b83e37a74b9fc7aeb9c0bbed3e7e97eb6f09ed71d2656d73a9f9d6137f3aabf4bf3be9e5e58ce7960c98670190ec71fd459ef36a37ba730a000000000000000000000000000000000000000f29e23ebff2ec6f9dac91e34cbd45bdae822be8b914ef3e2b62d6b6d3df67aba79ef27ebfbf3cdf2b7a5f2339dac26c6a2c643d4f96f4567b3e8d6b3d398500000000000000000000000000000000000000039bd247cd39bf55ccd79af519d756847227b66df93638e2d47876d35db9b6d2f63c8ed3cd178cf75cfd79be2bd1e9772bc8afd0f37777f87ebacf67b1d798000000000000000000000000000000000000001b6e4726441bc16d23a5d1e53a454ec721eee7e36b6e9d0bfcce9b9e9c396f1dcb43e7b9bd2e6dcf9586f54ebcfd7f95f6b071ebf3bf5f6eecbb8b0000000000000000000000000000000000000049a4a00d37a093d8f33d4b2e56c42d706b6d34fa71f6b85758c4909ac7a3e375de5b3628e97cdd2a3b64f13d1f21f49ebcfac38f5860bbaa55931193b1950000000000000000000000000000000000009360011c9e3ace0fd2bcefa7d654ee57c6bc96f246fa557a3ceefa72b2e925cbb89de0c69208b1379cb3e5df74f957d57a60397401a6e2a4b8264280000000000000000000000000000000036d7737000f91fd0fc8f5e7f45d8e5d1a6e3cef37d2f967ae0bb52ebbcde820e8bc20e603e77ed7e3fd79fbbf6946f63419d0a693cb14a2bd8d5630000000000000000000000000000000000258a600d76af613e6fec7e6ff005feb80e5d008fca7afe2baf9eef71bd8baefb0f280f9f7a3f9d75e7563fb879bd66bfadf95fd539ec31bc736e55b9e889a0216bb00000000000000000000000000000000019974dc02ae9bf1359f19f58f9dfd135039ec069b8e375aacb658128aa9f2bfa4fc9fedbdb9b81dff0025cf7e4beb5f32fa6ef235e5d2b45b2e6f09a02bed8ca028000000000000000000000000000000126d8c8055f23ebbc174e7d2f6be5fd467419d00c678875226965f12bc7fb0f92f4c747e93e77d14af997d37e1dacfbff65cfe8634866ab9b1e71bd96c4d010b3800000000000000000000000000000000192500157e6df48f9775e5f40ee72babcfa04a03191ad1bd42ce8895e5bd47153b3b0bcef8ff00d7797d39fa81cfa295aa889229acb226808b19c0000000000000000000000000000000037d24360014fe51f55f92f6e5f57e8d1bdcba04a001af3fa3ceb3a425a51d7ea128385dbe07a10086bcb159a5ca5d2025022c670000000000000000000000000000000009a2940060a3f21faefc7fbf1fb25ca77387505000c737a7cbb3a825e077f81df152df1093af8c83054d5a18b5475e3d7a9252bbd3986a458ce0000000000000000000000000000000037df5d8011c90252f927d0b97d31eceed2b58dc825000733a7e613d2edc6ecaf03bfc29c966afd30d2a25e8e0af9d6b8da0f37a5b6775bb6319f57902a2c080a00000000000000000000000000000c9280053dead9c7833633aedc90b974b9273f25f56937896a5bd379e4cf6ebd94a0eeef1e6ba73720f475b99397a6f3768ef55b585e3eb673c7aac53dfaf2e939d62cb216163280a000000000000000000000000000036d44c057b029c9609417e35a69e2e3d75633cba8189ab74fd1e78f4b0de2969d014f1747336e8466c8e325836c54315a912bef6f75af248805afb47220280000000000000000000000000000026ad326e1400008ebdc66f3e3bb46592fd3b5bc481400000000000060a93579d32140000000000000000000000000000011c9826cd4b29b05000031cbead6487687165b9b9f22df52922ca1dd77000000000d378082786740500000000000000000000000000000003114c4c6f0e85b531714c5ac55c559d2bea93e22d49a2c6e43249b1a6fa684fb55c96f6abbadada9a2f28ec5c55c9655352585bd66425000000000000000000000000000000000000a78973730e26d88336642a496b696bef28c692444162bdc2b4774515c8eaa696f44ad99843994479c831827974de505000000000000000000000000000000000018ce080cd9259c665000021861d527bb46f00a00188e515f4b64a58b55680924866805000000000000000000000000000000000018ce0836d76b2e09400004334495af73fa00280000029dcae908accf5e78c85000000000000000000000000000000000018ce0836d76b2e09400004334494fa3cee8d04a000000d371459c589a194dc4a0000000000000000000000000000000000319c106daed65c12800008a58d297479bd1ac8940000000a9a4d0d8923d8984a0000000000000000000000000000000000319c106daed65c12800008e4d1287439f7eb712800000010d7b556c6702c319940000000000000000000000000000000000633820db5dacb825000029ed1c895ef51bb528940000000c52bd49302a6db4de5000000000000000000000000000000000018ce0836d76b2e09400006bb60e6dda576e66134000000029dcaa918a9248a580500000000000000000000000000000000002bed8cd9704a000001cbbd4aedccc268000000056b302402b69a09e014000000000000003fffc4003310000102040406020103040203000000000102030004051110122031061321303250142233232434154041602535424380ffda0008010100010502ff00e107ea12ecc395930ed4665c8f92e92d4c886e7969866a70d3a8747fa33cea1944f5496f9d49514c21e536ba7d4d2f7fa2ce4e372a99e9a54cbbdaa5d41485ff00a154ea025c2d656aed8368a44df351fe81529af8cc2d454aee017865c534e49cc26659f7f527b9f32215ba45e266596c1b76bfcd1e639333efa79ce54a1df0976aeda9b0a4ccd361685b64f6a9cff3e57ded757964f01120cddc830a6d2a0fd35a720d20c394d984c2da713ae84f647bdef10df958237a735919d4a4831354e4390fb0b6556d0c2cb6efbde21f1c2992fcc58e9d998610fb7372ea977311d0d2dd2ec9fbce21f086905c7259a4b4dea75e6d91f2dd7a132f34b844a201a8301c942201b155b0e1f73a7bcafa6f29146682dc824080a49d0bcd91a90cce7d53a1d695f2e5e98ca133d4d6f9514677973bef2a88cf231462bba987dc8fe98dc7f4c66259ae4b78b8ac8dcac909a6e41c5a1dc3908e7b8abac0002ec1c1d0c8bff265bddb89cedbc32ae847f7113b37c82279c69cd0f27335493792aa36a4ac751872ff00527dff008f2f852e73e33a0dc7bba9a324f52979276263a566a0cf3a5a92ef32522ff7c1a6d2d0319a334030b504267e64ccbd8d1e7721f775cfe734ae5ba3a8abb4a84f54cb4b258542bf362ac44542714faf40368a44f7393eeab63f7a6298ef364ef17c7ff7e2ac5ce8cea428a554d9e1329f735efe51de90f6477006f82dbba90dd8c29412142f168022aeef2e5bfcea9574a1528f73daf71c429fbc20e5530e879a8441360140c15010b994263f5261582884a67e63e4bfd8a74e721ef71c409fd1c29935ca58eb005b054b027e24372e84e8ad4c769b173477f9d29edeb49cd218c8540b30dad2e2753ce069b5b85c70f63fc36acae529de5ce7b79c473257fc632efb92ea95a836ee952ad13292b61c65c6c76a51376126e9f6f3ed7266ce9a62dee6758cc6331d139200f646f4900cb489bc9fb7aecb666c45b449b3c89668c1483051194c6530045a1ea721e0e216d2f40c69247c4a77f0bdba921499e97f8f318c9d39cc068271e629b9899966df13b4c53494ba938280cb8c92b974d964e497f713b2a99a6de962d1e4b8a729f4c0da9ff08308f182ac5672a65d39df73709ba67e90dcc21054daf42117951d07b97da43ada5a4b2db7bcc6d82a650dc73d04e338bfad39beae6c07d5bdb8918e5cd4acbb550909a947658c049269a9cf3fee2d16870c2fc5b1d26ce5c269795b56c8f19455d30b504a45dc5cb2323582238953792e1857edd40284dd2843292d0a4b1ca95f6d68b63e4fe152fe3b6ace89c55ddb5c329b36d74721d5f39728de7771685e389beb4ee131fa251045a1e65b7803ed8685ab2a58164c731379dfb4a4bbbcb85fddd5fd1995612e307a29f567005a259219683c98041c25f7e2d73ebc2e8cb4ec148c2f00fb31a5c55d6f540a6a196f19042ae101374a53944d7e04a94918329baad7361196c52eda25c4711bdcda9525ae4d3b122f0536f689d2eac36dd142a72ac1381dc8cafc4cfe34b6a5260752d23225298b08c823208594b2d4ba4ced475285e07b7e2699e549f0ecbf229f839bce0cb310f7553530943312adc213a7881de552f859acf3bad6207b01be99c51a9d6d202460a171504dda49b85759a86519d484eae2c7a3859acb25a52acc70b58faf4e9abcc7c590e1597bab43c8b86fa423acc0172cb794697e725d835398f9b509163e34a687d50d0ca8c08f6036c2fd638adfbae92c7c7a7e858e9369e5cc3112adc245868af558a152b4d9b9b4ced3e624870ece2a665713d02becbf6cf74c263f7d5fd53ed666a9c9e62109b69acce7c393a2487ce99002471123352b855569ec5c86fabda3ff002f5a37c663c0b9cb97e194732a5a949cc25da4b0941b8d1c4533cf9fa5ca894928af7fd4f0bffd962aea58fc9a0f9fad4e898f1a9af252f8493d87459c6f7c669d0c4b529b33554c389dcc94de136ef3382ba0897f2d07cfd6a744c78d7956a5f0aa6d23aaf68785db68e8e277f9721c26cddcc38adebcc70bb59243073097d2af2f5a343fb711abf6bc369b52b54ddf9ad03f1d9d1c4cf732a14067934cc2acf7c8a8d3d9e44960bf2897f1d0af2f62f47122bad105a95aac0c2bc5ad0fcab3353e901222a2f7c792a4b3f22a3a0ed2fe1a17bfac1be8763888fee6942d4ed6af16b6c09b0a77d8e1534a57274aa72187705f8c2b697f0d0bf5a9d2ec7101fdf487494d6af16f6c2715965a413965b0a99bc24654e0e60bf16bf1e873d68d2e4574ff00c84a746b5ab66b6c2a8ab32d272b580fd7a8e2bf285eda5cdbd8ab6ac9bd459e9d83b358cffda6709a7394cd35bcad627785c2dcb436ace31736f5634ab6578cff00dea637ec378abef54c1dfdc3c05860768528263395464864dce2e6dead3a5cf1796108503fd5e06dad1ba76863ad46269d8976f227173c566e72a5319d4b8e5de1a4d862e6deac697227095bf352a113d08f1d73ca2934f7816e1a1967e6a6c3712cd1b42941202d6b3cc298528ae059007ea1cc4c2506e3a0c5cdbd81ea5bfe7ccff2612ab4058d334486a4d4a2e2c7eaae492e4659c6a169794994966d214a098e62951cb10da92a10e3578b5d46ee40108df439eac6953a047d8c4d254dbd2edf34e3780e4058c14a488496c43bf91bd8a808756161c5b8c29b9a620cfb421d7de9914c4a81826d0e7584ec9575ce233886d773839bfaa1be2edcc25a8c90a4de2dac9b06d1782da4c1692639301a508bad305d8c92ea84b72e22e911993056209bc295684c0022d094080848c57e5eab6ec148828304694f550db558472d31ca4c1604720472047220329101206a5f97ab41ed14030a4db056c8164a76fed0efeacc24dc769498737841e9fd99dbd6ec41bf68ecbf2be01660287f64bf1f5de241bf69688288fb08cf00df0ce633c661de70fb0da02e3388cc22e22e23308ce23388cf198e368213172233980a18dcc67319e3388cc35a978247b02355e2e23388cf17518fb4643051f54ed1944648fb08cf19869b98cc63398cc7103d99408c82324648c823208ca20263218c822c21cf06a0a04141d1944648b2845d5198c678ce23308cc22e213d7dbd8c6431922c34bbf8d9d1944648c862da6c22c23288c8213b7b540bf61d70363981c659ec584641192329d29f6c3a0d7388261a494b0cf7163a6237f6837ecbbf8daee9e87da9c06fd977f1b5dd737f6a7681bf65dfc6deddc5f8e236f627681bf65dfc68f1fec13ec8ed037ecbbf8d1e3dd579609f647681bf65cf0478a76ee39be037f627681bf65cf0478a7c7b8e7b53b4277ecafc11e28f1ee2fc7da1da13bf61e7b2292e071a478b7e3dc56d88dbd81da13bf62619e6143791a6f66f6fec13b7b24efd9578b7b37b774ef827d9a77ec9d9bd9bef2fcb04efec86fda6e1bef39be037f6437ed221bef39fddff00ffc4002711000103030500010403000000000000000100021103103112202140504104304251132232ffda0008010301013f01f6216951e281b4b7c2023791e036c022d8f15bb74a2dbbbbedc268f9dc6ceefb50c6e2169f01a9bb43544226ce1de6a6a8b3be2c13b1b08eeb72818363952ec26d1397701074273b6911dc166be38b0acf1f28b8bb363b4f7e50e569508d3fd6d3dd69bc70a56a36aa3415ac5cf7b52672eb682808417d43a5d088954dd1fd4d8f7e9ffa080e5128a2748944cf28afcd4c29ef4a698367824716af53f1171cbbbe4c04d1c59a65a0a792309eed225679b1e153c77ddc98bd074b62d51facdde784d103bede4cde8bb4b9577fe22ef3f011a7c2619163dc2998d9339bb39e53b0a9e3bcf4dc6e798098202a8784de077aa610c7d87364f7ea21e3d443ed004e1369c653b83db7367ed346a404226167b604a14d1a68b48b1dcda9194e76aee6136a7eeee326d1e26a217f218f20f913e3c7983c81e40f207903c81e40f20757ffc40026110001030206020203000000000000000001000211034010122021315030321343516070ffda0008010201013f01ee25665994f484e90ee8899d6d3d03b025033d2bb44acc81c5b7eee538ea0706dfb91e75030a50bf72769e54203069be727691a41bd7718950a54a1be906f0e0708c46917e422214a959748bd70c2154d861965045ab23b117d954422257c6836316b88e155648cc301d37d6a2545f11e076cc02fda24c279df58dcc2ac778bf66c0bbc149bbca719337efd9a06ba6d1ec50aa4955043af86eaafb6babb00d4ce555f6bea7ca7fb6aa625c9e65ca88dd38c9bea5ca773e063f2837f4b9479e9e8f28f889013aa4f09bb8bb63a3c4e3951328095c5d9308d442a20f07c0ea72764d6e5bce53a9fe31688184f485a0af8c4f503f919ea0f507a83d41fd97ffc400391000010202080305080104030100000000010002031110122021223141513050610432526071133342627281a1b123829192c12480d1e1ffda0008010100063f02ff00a217be67e5bd7f1c303d57bd23e9b95f1627f92c5daa3b4fa2c3da5afe8f6afe7872eadbc29c3707791eb443208b21e187fbb772ad0cd53d10871b0c4df43e45c57bbc28b8dcdd070c428c66c391dbc875211fe5fd22e799b8ebc5f6510e36e5d47906eefbae089267c60f6e6d41edfb8dbc80e74e627216310c3bf12a3bbafbb9fc4774b13d5ce0d0a444d1306ef94a93da470daed723cf80f13ac3068cbcfa9a644298154f45ef3f08dc0fa2c4d75b308e4fbfefcfa16d3a7a0533de75e6ddea6cc2ee8a4f1658f1f09e7d076be9ac7ba0f08b5caabbec77b2c2731773d83f7a1ac6e6506b6dce23805ff1614c789ca717b455e8d532e88ef5727095ed13166243fbf3d69d9d439e7e1ca8bcc95ce06c1a92ada4d7b4ed4eaeed90170d858741609df25fcb8dc8be00aae1a6f409e4fc3cf628e93a220875679deb1768abd181637c477dd5ce78556b977ad873b6134634673ab3f2e89fd9a3125cdbc1e94fb69639490664a413b69a98d135faebebcf1cd3911245a731714f1bb686b18dad15d904d676b85527a8b2f6ee249bd090a147873acd3232b15939df16429aaef74ecd4c73c8a349cd33add4424e1f10bc203565d44a92182533357d82e71900a7f07c22c08314e13dde9cf3fa4263f633534c8d0f36213510b4dce3396d437805a3dd8395af6510ff0020cbaf3b77d22866edb8f1221e96c39a64464aabae883f3ce99d5b41867275998322a64d188cac5419bd5f6ee35763b153f885ce1d79cc13ea280466135e35a6655c55e55d7a1e1a4939045df08b87066eeebae77fef3984ed9d2a6a3fb8efc58c264af7adec080c3f570a4803de6613ce1dd08362a449b99fa55984116dce3a09a2f7664f09a762b3c0fc32fd7388adddb6670cff00f5558981ff008b5100cc858d8470e2bb5649c81e71119909dd68361ba6cf882b8da2f8171f0f0bb67d2a0fd239c08cd17b73f4b41bf166780f74174a24ef07245af0438703b69f95419f879c16bb229ccd3457d30e3bf0b6796bc1716eea515b7ee9d1209aed17cb55b5008363b51f148286dd9a39cc8dce191554dd13200fc4aa0612eda483e3e27e836e093b267534146240c117f05163eed08dacf6785ac47cf9d9f68d0420d60a052647252ac2c066eab6d61b1465105feaa1c43863645c163187c432a0002f2be582d973b03734c3f5951d4a29be8aa9cc504945ee406b494c76cf519bb3a6a4e1308bbb3ff8a8b1a2b645b85a0f89071ef3f11e77d0533d8a054b64649bbc90eb75121dd086c2c14ddcbc2ed07a857503da3672e764af5a334f9293b228c93bd28f4526e544dd99a2ea1cbb3c3f5722ef13cd3773b94ae0a1f6596277e15e5649cdd0852d450f52065482a6ea26d2b1844a7019431554066b567cf9cf764d1351bb4bb4bffbd87b6803721170170a64afb0e71b9ad1329a1d9c47ccf3f105bde8bfa4d71ef44c5603b7a210f9a6a5ad15cfd94ecc4ddf853e2781bc09f3710dbdcad507a6a80190b01db50c1b09d1d174b50208fa8a7c4f1bbf568cb2e7115e3bddd6faa8bda0e985b65cddd169cc28876002905545a9458cc69da69ef65e09aac50a178459921cda54418034c454166b299f5b55b47279ddcab1cf4b47b37657488efbc7e957870f0f89c649a6336e3910539914cdf0f5dc59039bb4f5a2ae6d312afd85b3d2f436d6d1737de3b0b55689ee997bbaf44001201453e120fe5446eece11e66f7f85b34621f85a4f00b1bbda2c6f76161fba870fe2cddeb4768fb7ed7f41b279c473f2497697fa0e003bd98914fc2d9a841d7e2acea6af8dc028d1366cacbb9c11e2700a23b77dbbe816043d623bf0a3463a0aa29830bc22b273fc6eb2ee7105bbba699d4936fa2c4858a9a436c942ddf8cd319fa4e414187ab5b7d9364733ecedf55d9fd38050b0f0e6dd2c5d5002e0288d1750dbbd541669399e18e67087c8bb38f90700d89a8b10ea697b5e260c93bb4eaf170db86399143e80a10d983f5c0361ff00d937adf4c38635406d68591cc8a77a04c1f28e01b0d1b94c1b0a7e5673e2a2fdbf49bc482ca5ced7445e7375a144c7362a27d72e11a474a6a8ee8b87fb2a432b3795847dca9bccd5dcda6e2afd637fbe1142889f7a3d9b3bc733b05959aadcd4ff002b00bb72b199f37a834b97667dc6a19bb852191551cec5a4e871dc90aac3bdff00a559e25aca8bd6158dab395133dd5807dd62773733dca3c0355489242bd4d86a9521323fba77b4043b3083fbc7757ac014e21580823a5136e6b1e9a290b9b6c730dd6cab6f7cd7b4893e9c0c4b0c903466a405eae690c2b1074d610e28b58cc3d13c9043699d0674676072f90a710e0cdf7959517396857702bdaaf8615cd6acc2cd5d4df4de165cf85bc964b259959acd67465cca5c71e4db90f280f296fe45be8cd66b359f0af16b2a33b7773bc96545e51b171a2ff216762e160a1c0ce8cac67e412871325979066538843c9c084e27543c8a38450f228e1143c8a38450f228e11f230e11f230e11a07910708d03c883847c8c3821a04ca278e79b8e0cc1bd11af918708f918708d07c8838651f220e194794ff00ffc4002c10010002000405040203010101010000000100111021314120516171a130508191b1c1d1e1f04060f180ffda0008010100013f21ff00f07b916cc8879507df445dc41b0f2817b9cea99d6bdd47e60955fa205ff779900d394776f4e9ff008774528d22ff0070e65f99de65596b1cd59da729aa2af26a156eaec8a92cc8ff00c28cc9e48d65b86859a182a95794f9fbe055d712cd25e2dd27fe0ec4ceede5b06b16afa99ceb9476ba19dffc0d72bf13d62004b76ef3670d31efc7568d620b4d64d47f4e63ff0001a647e0906ee93953317ca6ab1e8666f4aef332b534fe5b7bfd46d254eee5166a9b45566473223cbfa95301331d199ebe6fe065c03c9945cb8758e379d934bab93d7dfba1011df0ff00329acd5fc57f1801d65012727389361dff0084cd51ff003bcb10539a16a60d54c0acd62e462f48ea32a8721efca9f36e5e072a9798c403fd9718a8096e473864fc4f85e79c75537cea0e58bb59d906cbf7d4f79fa61514f712737682947a221e4efca273ebb0236daeb85473e6377e3df6f653578090cda82e641c7da05ddf888dbecad22678f368cb13f9bfea063f04caefa4ce289979463ab72d3fbfd7bea0a69dbcb270d70b2419436c8756785a783a4de85c543becd20d0f234314b11d186789a7f986a8efe74110a8379ecc017d91fd3df798c78225329964166d47b49d0c146d1dd8ab5adb3328964668ec39700b7a37d2585d3918cc12cf7c40b19f9918069bb284513231615112190e621f63fbe43ac92f98a00da36494ff008978814794c9d38365999c0866afe12b6ebe42005f0423a5d2cbc5be7fc41b4cc7cb8b9a6664e5d600258e8fbe65452f2e70ade97fbe19cb59805c128b0c896c5dd7bc1a0e631a6811f7656b445dc1c0653c95ac639e99272c4c9c99cb176eee5ef9995c3a4542006897166baa422b0294d2322c10f01c58adc5531b2ac90df0afac731b8c03cb799dbfcfbda5dd4ce6acd9785fd544100e2e67a1c029c58eecff0011d5c3f181826055a26437fca9ef44fb9fb8ad32f63b3dcc0654c332d04bcae17ea12859164bdce543d256bb4d391c5b4a1da5bff76506ce4dd07bc9518e6418b94d2cef368b667271026810bb249a107cce78f4948255be2051582a7416bca2667a0f49b6358256b0d73d307bf5aff4fbcaee6cfb1fd620cd5b8ee8764a91ccce3c56fb439cfa998a5f9b028c58de33a782334c397159e5cc7f172d9bbe78f787685c84ac36879c97ce07adee3c7a013435faeb94bcbd0cbba74a465302b331f78643da95de572e98932c7cf336ee94dd8dd5f3044b33380721acd44e843e97ceb2f4e8f33cdbeb288dcbf78c8ed5763c2be72fc2dccd0269bb09d78a6f8a094994341b8ec7b60697586d8912a6842242ff008b2c9afbc599765cb38f3ed1e4c7b6ac1a2cc7cb3509b044d99d2894b1e913b45cf6b9a4d50a8337c37c4eb0d48047c3e196ed1ef0485952463fadf48b63f0300b9cb50df51ce3a4cbf10ccc48c6e1efcb9ca73468353e62f10d9e83f715a7ed0af89511d4e5819cebca64add86585a83c7bc8ce98f494c33a86cea1d21d355453259d1fe51e4ef81a6e2b18723115741714ef35fdc191961794200d5a3fc8c169a363761736ca748c639ffd4fdc1406865ef4202b4b95d0ebbbf306be53cec4876f26df71e0655035ccccca34d1de684a2b357bc1135f40ff00132d08e789cc951bf66a26d188391552882f2f4d174fcdbef22600c2c37d928b739db1fc586467260bed4bbce4455fe970d04c8be0896f6acdc7577c3dd0bc8c776a3f63fa8a48ba89ac6991799fc4d3e9473b6ff1acff0010ccbddc4c01899cece274b53608fb93a0045085b50fa422bddc8b45b1ff00b1a522b7de06408423a178667a324bc301e48baa1a05d63b903b7bb1df83c4916d75cd14356a274906b595fd41d76b0f2896ee6128b59b39746ef4bbd21b8e68f655bfac234403919ac4bb901b438ec8bba9f8fdb2f2de7d5186b373eb12b582259ee62de16cf5d8e734036d4796c8a56ecc883aa1c4b6592d42ea455daa97b76d6b1760b074e72facb14d496c80c5c9f21342dd972ac3f2d5fccb38aa57773fdf00ea8fa3321941b3dc8657c2865313d08593abb1c81f570cd73703489dcac33f20bccb79e004033580635de6efd22db11873ae668c1da099fe7c36edf10c8a38ab758e9af7234e1b719d4f6ebfa94a69efdb6f1f9c46ae739787fac2aaefe025c235db9e14116f3e38724b541f9d7c5cbd0cb2fbbfd5fa1b68acf76991bd039757e5825d05072c6e6531abf12858f923fe986bfa759776716b2e65e0fdcbf4cf2fb7f6be1d252864df1cd9b6deeab554cf91feb95aff006b57f5c20ee825b74208a2c598b287e46051470f523ecff51ad950730c8fbfdc0076c7abbf9e1a4a4a56fae371d7dcc4856fa617ab21f3b91fb97e95f7ecf86eb7299039d07cc4a0ab34776e1d1b0b50744bd4bf207f9811c7ab62e3a5785b54d381d8c1eeeebb581b2c999d01f91f878f2819e576948d8afda54be1bf9f9de7f1116d5ade7832c0a03684e6a1fd0fdce5a3bf49c0f421f878763dcad2ef054d1bea5c7ccadef572fdbc61432f0b24dbbca1e1675794fcbf8f88093459cd6b8785f826affacce056b333f0ea7b99ead7972fdcf1979f43953922cc7069aaddd35455e77acdc754e7f599fea26c47f77fac55ae0784fc5edda384ff003019fea75cbf01c68d40ef2e3a672e570542e58f866fea526d0f9b37f06354b93aeeff00f25c266e9d8cbf9c5e861ad70e9f6f6ed0707e195f3efd0fee597ffbd5fae3bb35d0ca0516ba759f9b81a9b92f939bfa99a8abbe4d3c5634937f4c65fa967940f96fe7156b03f67bbcddda5dc80ff12b9dff006af1ba806a78f34f7701b5b0b9ad20960a80d8c296695f80f32d22fe9ccff58b911cd9914d4efee4743875bda5f734b796740bf1fa1e04d0ef8822d0ce175955fbc6c843275bb9614ca9941c552c3567379f0fe6f6dd5c3abb6581c83cb0fa165e34fcf8dd774f29d656c4bb82bfd431f4158bd0c32a86b85d1ddedba7854d85c8bc4ff00d3d0f0a7e4e005e94863a8d7f47f7c0ef06df3619070e8f7f6d34e25da54f09903a57a1a9347ce3feceee3f0e3ba6e81cbb703b4e1993d600c9f98369c1f97db3570aa784cbf9ff0004ca3d073126520d30c836fe38bff097ff000846140a0c5d270d1827ff000440de73d7420e7ec39707e5f6cd5c2bed125023856aa7e1c2ac3e8643eb3361677cb0219f4108cdc8d5072381542fc81e533cf5dd4b1a50175af4ed0b20ae0d3efed9a785e6101e6e81d65b250b7960efb3d0b24899cd35ee4e4c2dcfea060ca1e28a8727533579b85c9c5b52895b33b91bca883a1dd6068e8e8739a42432b6912147a1910d070697b61a70bb594600b5bba6057b88e906f812ac679d451406f0d60135ce10f4ced0ce3dd1f9455639ba5d199f52f7de59b08366f8966a8eb281b9cd5c8967c20e41e48ea0c370eebce100190437dbee16a385fa3345d32933439039c6bf48fcb80444de23a4b990a0b8c3937ca68cd8cd69ab1971cea1e4cddc7d6d7d250fbc2e135f0951191bc17e63e21467cf0016c37e7944b00453ab02d2322bbf7313eaef1759370c51a752502828f43296b1ce6a466dc9da2eb33e6277502b7809aa65c5160f8afc4de9752e04000896a652cd9cd52c1ea60bc951cae6cc20362386b88586f1d2f6bbd441b2f8d5d2034ce21c3aad89e371ada862bb62bfda2740991aa75b291ac673461c5a9ed9437f8f4b68a96fa4a8ea682785ff002e65ed877352776f49cf5860b19830b89bff00c8a93edd9dc42167a42d132a403a38035ce2ba7fc4e97b725905c8867afa565d164cfcb267c280dc481a1829a300eb03b907de08e8fab6504337db92e22b0c73705d24e9305d59d262f622dbc55d5c10ea436f50d2372882f7c42dd87421cf075209b259c2a1acb32c1b9ee1c9955c34e644b7238354ca11c205294f760cb10758b6d144af5b3872aa1cc823a3c146ec0bacec4537c6eedee6856d9d66239b2bcd3accee403688c0deca1b99c03409e3cabf088d3280d33889a985453689d99b48a76b94eb35e4c21d79d04cabb2005edeee36830e8103bb02d0e1f067e1e053689d988758a351e0a394e9274917db072d0dbddad5ba7a1bbd7439ca2095b7a2ada84762c8bd9886dc3adf7374c0cda8323d00cab5ad4c935dbeab75f97bbce9879dff0047c58626bee7a1c3cef4bc59a7bfd5191e034f72d4c3cef4bc79e67aa6fb3ddad4c3cef4bc19a5eaa595c1a3dcb530f3bd2f06684343d534b1d5ee5a9879de91bedcd29e17aa32beeb6a61e77a5e1cd2f5a1c871353dcb530f2bd2f070b4bd5d6f75d4c3caf473e3e038acb33d78cddae0d2f71d4c3caf4540c0cb3999f68b7075fbff00e087470f2bd2f026a4d6f5b5fbe3bfdc5d30f2bd2f1a6b4d3eb353dd8f3bd2747fe02fc38e97b9f9de9fe79a7d66b3135ffa3fffda000c030100020003000000100000000000000000000000000000000000000000000000000000000000000000000000000000000000040031470000000000000000000000000000000000000000000000000001eb7c74ff00b400000000000000000000000000000000000000000000000039f1f5d7ff008ec000000000000000000000000000000000000000000000005fdfb28c715ee0c0000000000000000000000000000000000000000000020a3f17e73377f100000000000000000000000000000000000000000000024741c35bf712774000000000000000000000000000000000000000000001b0d56ac73e6820c2000000000000000000000000000000000000000000013f5a5b54aac6dbe6000000000000000000000000000000000000000000014e709b777769c4e3ac0000000000000000000000000000000000000000007d14bc3ec529d6ebdc20000000000000000000000000000000000000000005d19cfb3d2fb7dfae0000000000000000000000000000000000000000000eaf05ad4452fe757c908000000000000000000000000000000000000000023fe351ddb89f5fceb0c000000000000000000000000000000000000000048873efccbf27aefd7800000000000000000000000000000000000000000b2f677032e3ca26d3400000000000000000000000000000000000000013cbc784522c3a0816f0fc8000000000000000000000000000000000000053cbb7adc13579c3aef3cb2b000000000000000000000000000000000004f3ca3cf3bc3af3cabdf3fd7c00000000000000000000000000000000001cf313bcf0a69cf2e0dff19f3c200000000000000000000000000000000034f35fbcf3c57cee5e75f0bf3ca4000000000000000000000000000000003cf1dfbcf2803cb3cebdae9f3c80000000000000000000000000000000053cf3f7bcf2c63cff00c8fc1d1f3c20000000000000000000000000000000013cf1ed3cf3c03ce3cb3c500f3ca0000000000000000000000000000000013ce115fcf3cd34d3c5386055fca0000000000000000000000000000000073cad3f3cf3cfb472cee9172dfc24000000000000000000000000000000073ce2c885db0c0fbcaa68dedefc2c0000000000000000000000000000000d2c7ec24a0927fe7973a02a47fc0c000000000000000000000000000000077cf3cf0be7ef3cf3cf3cf3cf3c3c000000000000000000000000000000051bf3cf3cbafa3bf34f3cf3cf28cc00000000000000000000000000000000136dfbec2f3aaa6c360e6fbaf880000000000000000000000000000000000000bfc93df3e7fe4cff002cf6e300000000000000000000000000000000000053873cf3c3ff00f3cf1cfd4f0b000000000000000000000000000000000000428f3cf3cedef3cf3cf2ff002f00000000000000000000000000000000000003cf3cf3cffcf3cf3cf28d2800000000000000000000000000000000000003cf3cf3ce48f3cf3cf3cd2c00000000000000000000000000000000000003cf3cf3cf68f3cf3cf3cf3c20000000000000000000000000000000000003cf3cf3c660f3cf3cf3c6fca0000000000000000000000000000000000053cf3cf3ce31f3cf3cf3cefc8c0000000000000000000000000000000000030f3cf3cb29f3cf3cf3cefc0c0000000000000000ffc4002211010002020202030101010000000000000100112131104020413050517161a1ffda0008010301013f10fb81b2f17113e8c2e5797c2a7b8fa10bc40f3559fa03ef834cc4dbc52ca8958efe9c55152d220ec94621c8cdfd01ec782905829e063beb116012de75a8372c880896544aef3cc589983644a959b88ea2f698f8b7277b68b32db8620a3f8e2b58882d16f9af2778a86149055098a58404c2327855cb9dcc5e145a5de60d443d6ee5456f89b3b841b3811315cbc0854633e2d23dcf47065095c20c8270b73a622d2f3a477dc1a984685f0a303482da9827a85831db01bd45de33c6ba9289b4075112a6d2a05a46e7756a16c11456586494254c25dff496cbb499af15ddb86559467f288163706f4555b8545836fdf03b789cee3f116b73f9272781280e16a1dbb99bca96f4e251c8abee805bdc6cbc7e3b8aad86bc2a57c16b3332e2a7071f7c9d95430d1f077ccd0ca29050467bee28d5e0ef841df084fae186fb9a4d3c1df930df734269e0efcb4a9bd22c0ed32a090f077e0b50d55c2146a19bd45b5bda58ca883ed81e99e9238e57f932cae2b54dab60f65944155901c723ff002944a4a666666652c095c1db01431b030f8cebdf88b97065cbf361d7ae2e5cbe17c03332e5cb972e5cdf6a895c2a54750d4a952a54a666661db3c1d4d3c6b93beea69e4f077dd4d3e03beebe11df7e03f40fc07ea0f07d31e0f93fffc4002211010002020301010101000300000000000100111031202140415030516171a1ffda0008010201013f10fd8492b0100fe1ad4b75c7e4fe0ad772c73b3afc07f30a3d41e21a6e0d9efdb0b6ca823ec1105caeabf00a3a38032825c6153ef3dc1f528cef712b006b153706fdc7ec1dceba22538beaa0222897b8a7a7dda41d5ced307dc6918159bfa7dc3814ca6e3fe208965c0ea5c7b35c07e4652056051c5d3ec7b89580638b949b47a59c7687b3e9813a9f2ca1859441454075062c33bc35ec4b9da03a100532f75f211eb0446e08bed1137077ee7ae641ed11b42afb42e29db28e01289544ff00b662e6fd94d17d4d10e0b83447447ce0fbb8e35966ed12ef00b8fb3ff73cc03a4864aea1a060f61b04568e0eb016d45510598ef0f9ec1663b5c0d62b3fe25e32cbff0092e584f9ec1d66ce06b029ac00beb823af6dbb81ae4475ecd8cdb81cb6acd69542fa897d18f038047175115bb8ee8814a3d4108db15d117e93e943b862a752f1dc488a257aae20298877c1d6cb4b9d4ea752c972f0fad0b485448ff37d8ab152a57323e7bc54a952a562e752a54a952a54d7aae5cb972e11dcb972e5e3a9d47d6f0371e370c3ef37cc61f79bfe27de7f011f79fc07e01fc07e0bccc3ef79987fa7ffc4002c1001000103020407000203010100000000011100213141511061718120305091a1b1c1d1f040e1f16080ffda0008010100013f10ff00e0f422005d5d2a721f635868a58a8e95175d1b11ca9a1b16b6f8bef49142cb5ab75a64a91694d1b8f55d2a7a2016f4c4844e97eaa1196c5e9875b4d8beae29610b174ad9323d7ff0fbb4caeaec1563474681ba63182a6ca58d4ccad4cb2a5c531bccb33b525ccacb43a2e78a5b29bd3cc9148e1472506e0894dd387972a1950c365fc5db1ff8572cf02f25385d8b37a1c06c369f473c50df435bd08492d89c76ed40330223e945894b3cb80498be4bd650a2ca4d5af14ccc3a5a9a4a8466cdeae200fbbd0e62c17c569ff82623d05001ace8bca9780cbd52922d6a98a7132cd43288db3caad1337da298d289981a59e46dc7167eea5c89048e5440a5957fd53ff0306e4d29328bf67dc533672ccb779b568099b5e60f6f6a0b8ac4de854daf72e4d01796384cb3266a1bcd93340a2830679569c22d3c26220133bdea3dfeeeb7b9de96a046eb54f5f6c4b4a1179c6c4c58e799fe9131bb39d408d8759a353004be43f68e5c36d64d9d9eb40598c60a846336d29cf035bd24666f8e25a12fdabeea535e6ead4f08e97b18af98ff009ebf2f0a28c2583f344c2622d7c5086375f8a470b0e93f74cd28d9f46b4b305063d43150c8508c6bb7f252320611aba489e551013979d42a5a34a484ce35ad2a1569837d2b3ccf0d337a5864180bdf140dc0e22586b1a4e7bfaf2824a85a4805fc294a9557e6a7b9560b0bce893d618644167a43db9d6942c1129e25e461ecd6455db64fc2a0493a72d2f2cce57d9a507908c1df144e608c5cab3218c73fefe54c1b5deb3ff28d786165bad4a75da2fe41f47af104135538608b7bd5c93105b1474a46680d8e9de9b5197219b823a78d388732669fca37dc1fc2972492c36bf27b52aa824cbfac5058df69c1c2795a8452736d0661f9a0017124f5d892652c6bcd1d6a6da7b50988bade298e11429030fb718eb46380f2759180895b9ce8704361d0273e5521129bcb768bd308b8cf6a494622453f294d5915572b67947ae9c01298b4a1af6a235a3b0844fccf6a17165319757c4d5f28244cf405da312f2a01bc0e7de974732b6b6d368f9aeee04fdc512c588dd21727370a4b52ca1fc7bd24154753f29210062f01cf6a10bd6cd3524c1eda7f4dbd76663236087da504cb6b73a8889029d5195ed400060ae601002b7e08b2dfc18f3973f22634a8ca3295a8eaea7200a0586d82760712332109b951873ee526495b4bf4a538066d5c823e696c19840321328ed58613f28f484beac3f203bfaec1061ef890bf0352439da80bca2308b602f9dca9ba9906579ab2d0764a0e77c56699550dc9a50f6a62cc161cade02055686a05fca6d565e14a4df379e552805466f105f923df97186a49e94b5e3782276a47289065e546003a500447c9641629e49421919cd0d524461100bf6d7bfae14f3d1a09fb4088a842e112d674a168320aec2df7edc1a6cba901826377f68600cd489c4ddef7ed44482122613895815b46ea29c822812353fb48385004ad9bbb64ef566d810724ef47000568cd9ac507c0e1dd99ed9a6665cb524dac5243d3d33c07e27951603083226feb90fd8231247ecb569b0ace445a3b8704c5824e6129dad895e4ba7398c6f1521d21c6992fd18edc174257da3f9e0546bd44cce4a56c21d12b00daa45e2b1b9a338b2b428669b6111bbab4b6e1296e0d918a6bbc732727674f5c04b045e55d162ace2cb859b336f6a776441e4d4eb260194591b5f3cf5a440055108c6291421a100bd8df2fc70ba1e2281ad529a1a8f7019a7aac08818c0bbd4d4a14c2a6d14128484ead47363c26fb25613b958f5e833efeb6669684e118b54e62379d680d90794e1f11475d29f81bf0d293756feff756e09254e8638a1283e4ce5bd3725a6a68b979a411ae3e6a10c936df14e0bd032658d128aa8986006a1bdae77f5a01b68442137e6af04cb3484839bac4df65bda95698666af3a99ad69e4208628e1f18e0488ac0bbd0924b16a42e34b610567cd182125fa0ef4008183730c54da2982325aa731878726a46518236a0f0d2444385d2530f27950b21a28916486feb2c58db49c23fad4ecb979d2d488e68199ab5c990ea1454efb5321052bb146d8af235a636e0ab5b76f1f7a9263b3673e74422c045272a39ef3f002568490bcb4ddd5cd05cdacef45ab5ac33369b69c112084511c8d32105d516a4851222862ba5b28f33535de8449193d60a00bc499b9459d6fc033aa468375e4e1ed4b0588922558666808011b234773c81251aab3a47f6a1fb95f8a000003429e0345b9ed357ee3a54cb4d22a1b72a2cc9326b4412cb3712d52c59e1af062d14a79255dd959ced1dea7711a6a0cbdaddbd60c9276742614f7a684892496ad315240177674adcc48bf4f7395631e928e8ecf2f09c2385407209a69aceeb2fa7429ae8700918a235aefc21a2b25dbb6b45259db6a4903510e7a910a4ada6d1a67d634e034c5849f214055836737af0d39d656a0acb53de2d290b2c132e0993477a24a261199f010ddfad2453cd45314e10614a1d4b53fdbf1226f8e549ae95a54db1c08d7345d378a50c5b5b1896ebf1cca34c21846d727d5db97a1067df037a4c75d36a84112daaf1146b42808da96e4bd6a3fac92e75c745e59a985cf737afe8289bb8d8b70c5e9c1164225928008906df81e58a44512134a0492423a159c0cd2658314e222fad0c3a6d726945a5bed4d1346f5111249c52b76a25a04ccef1574db09889823f3d61a3456c55d0f65f9a40888c40cad7ff0054b208679e2881b936a099e57acbab423eaa078906abc9db1da9055b370acc5cea509b49b35fdcd17724e553eb834a34342d434592660824eb7a704ba28d9e9ce9caf3430ce685605dc114d015962cc5a74ac83473124930d0a080184b6c3409e562d16d3e23d603cb4ec224252b0c59ae5dcf6c76a59d8830419a6b417dca8e20cb3d82cb6162d98684a37b5258eaa940984e22eeedc4b8320e933868f9d6e23a634e58a77e512084b116f8346256f67bd340ccabda9098dcbf37399cd3305adbd4942d9ccd0488d94d620344cac8fc34e3816811700facbe37a80549864c628d8cd8511ae3d8dedda99b2a9304eda1f151b78237e73bbe0e7510ee382402ce6ad3d2d5305eb31efa5565e19551d547d2849b833f46a306a514422413d2ae32ead3ec9a9b9df7a62738308309ef4a824ed67343b4c2189a4b25d674ad399a6170209080268cdfed478700e87ad042c586e3c9c94164902af932aef7a9dec57f5b9713f8c4b8abe9854646ed36f7c5678c91bd01b18f9faa3de59cd9f8fba32bacc53ef619eb4f52f41deb586d8bdc7e5575e3276f3aca4339be6afb03049ee68f26ad8e5f8a5f900b8ab8835c953554d8dc986f0a2f59d120e75cf1a31bca13d04ff54d21aa691d66eed57d589eeea3e4383b3c24791ad00904559ac595082fa54bfca04e658e0ad41cbcf956a00d9f476a8b101df7fb148390784013038a898470f213f453299106d6283e760641b253ad3b2db46a375c59f7a61577b00480c5932e9ca866ac6897870f6bf77d5f3962b48977e2d02f0a79ff007eb8ab7c034d34fda882d636753dea28b66776ff00c536892dba55a7ba676b16a3d347bd8f9b77a04400255d288323e776ff00c507c52ad83df8b8686d9449a7a2467285fca16697316b27ed5f94b6d29bb6dbe95b21c92724faa7009b397ab4648bbe02d603dda56a1e94e680901bad14626624c7bd3aa004a730fe54e0a881796bdbf8ab8b0e8f2d3e296420cade28a968842016eb4b3f2a926e39acbad7eca1a707dd257856bc8a143798b951867269c35df41f74239719d005084a135dc1f60f0404209ceb2e4dd489023b35cf4d9a036cedea702784714936e5fc50b54d1c170132a84e90254a97d6a09ca1d6f412bf26d24522215a440bacbbd4906140ee85321402489e22567a5a8fca9569f06851b029d28925a7504e362a00c4805da8a1c4e31fec43b52c1807b5d9efe01707bea55fbb0cd2549668893d4a05bbc219196d0257d8a65e09affa888ed57dfc8520909254ec58695bc0d3a4dbe1e031123c93a29e36533f5bf010d4401ab574ecd6ed18175a010c5d293813a34bd923668a61306885f8287a6c7e897b32a0000010069e239c08e39d5e569fbf512ed080786d836637207dcc3a2d6bea5979d8fb278a32714898812bccbbe238042bc2ee3fc5164cd0163ba9cd580bb60e86f5807a3f7c3159177efc2832f3a5b3c1f0f23fbffcd40bea06472bf8998885c0551eb1ed501130d8010071896a5ca851ab79adf715bde97eb49d7cfabc0a4072bfca18a81603c413782b1ac54e16e507cbc3502a806ad1ce56ddeec704121c352d457f501b2f873ab64df089d09ecabe98667742fb43bbe1cecf0769fe2a6021026da3f353aa301cb5686c950147966779de888203c2885326fe6f8a8a0290e4839af480e556632aee97c28a91a5b7adf012eaf1e84b9ea06071b0f2556f1a704ba6c87327b21eea29a51bd943d263b786decdddaa342065d70fe3de9914261bb8307d53848b23637ef4506acbe14c7781737744d5c98dea728aa113aa4dfa82a349c8c4bc5ae317ed53c433c84c9754849e478392a524c4cb2fed163c132bc94f4e0943c1fdd5140170492b97c5d31c3b377a2c4785a90ccfd7d47b7d54f575808b298ef46680620363c3132243a88bf6afd637a1d0a21655925ceeaedd4a20541e00600d0a080545d1fc0a926e209bb0fe17c185ead5c27539e51e118e6a7d3848f05dde5447aae764fc548ecd0df3e9e31a0d1bf74649357164b3e176868cc2aefacc50190c7ae29f660e41c184988eb0aa609fc0ec94c14490c0fdf86ce79fc7a71baf830f59faa88989bdd2ab285efbdefe791001625d6a3d0a4f82379163a82c7760ef53a13af1094dd523bf104d08f293fa7bd402ca39cfc7bed1070b9ec1f7e131d5e9c19eef830f47f29e77e5e168980b8a773f96f8e2ae98944d124bac114cf6511f0043d00ee9ef1ef584466eebe8f738dc9824dd83e3e756de78dcc1f3c7677efc26e894fdf0884dfd3823a5e0be06ea881d1bb15b331f79f18da5a11fb8a0270174c739a5f3780c32d2d33dec8ed45ef0227f8f166bba986dd3adddead4831ce4fccf1e98b5386a25bdff001e1f8afa684a1e1ba1cf578b3e754fe511fabfed37f1b82e5c29314640dff556aeff00af025d61b21b5f4c85b6a06e03a00200e1930339bf51586ef261bf1eb677e2845c04d29172b34a46c2d4ee6ffa3c399cdf4d33e1142ed5cc2c4da7f8a91c8947b97f7c8f9bfaa50db7133b02a791447ebdf2fb389d2843c2089e56ab6c149de27aac0f7e3d616e0a1ccc3451ba9f8757d346e76f0b98793e288eff0070fed189809ec3f3c8323cff00547890ab105dd1fb5238854eec1f01c4cb99f3e1f6d600c9e811c6c77b82b3e94a448527ddf0e57a68c4f7f0c936f9afe9552fda20d80bd8790049c4bea859c500b799e80fea5581854ea071565719fef778260d88e18f605185b11ea50201b781b14e53546a0e520e9207e1e4111708d327cb8f740a29d9fce22020c8f758f6cf6a426eb198e3dd9f8f07319e0118cd6ce80cac50d03a298ede0c7431e96249e191f26be05287bc7ed4fc5297b279079a1141dc4d290ee70dc10fc4fede29312cb68bf816736867040d031c791c56286f796290dd4d023f93534a3c61daa0a9a1170c7831d0c7a58b9dbc30437050706b1baf2a0f7858ea047b89c39904f900d48a395cb85fbff04384a5ca1779eae855dc308c9e079b979bcbc1286e8509645834efd6882c45d32d1107b15bb15009f75bd94cd2180083c2060f4b313dfc32edc9a96cb1cc2efd9ed401611644a48de127bf0883747912c8899698d3e686095c8bba017379e13722d5d8fdd3647692fd4dde54e4a649e6befb1a75c52c88686ad3c1b492def58d4cc6852e08f5b2f6da96cb02f90f36b79a3bee695af09240e9bd35d871ff00d2b928783e5d18f4b100dbc3cf06d494ca2277062973ab0ba411c1c170949c2cb9d00b23e04ed0125087f6296286a2586d4f3f6024a2153644bfe2ad6c6201db2a42ee101382c6bf28a27929c7b06fd7e29c263b2efb54bc56ed289d184c1075a86fac4a10781cad77d8d1e21a8413cf7a9a40f92f29ca85b050051c8c4784ec3afa5892e7e0502560a486f2714a293521089e139bbcd240a2562cded8c708b706445b517112a1c6ee740491128c83590de7b54f95ca115189062466b279d16a58e750c4907a184a5b922f1599693b3ed50a875c03e1fcab1d98003eff002a1b2658485efd9828740045242e3833483ee994d86db5297011736a8242b62b98f6ac80749a8531fc9c5c87a5e2f04a250ca852dec1b9bb44902da22aff00ee60926804404004052267c2452342ce81bd5b181614c14b5974b7d542424d55191c902a14e4d7350420d7fd556575591fe12a7cbcdaa2a23d1fce9ad2e581028d9b9d99a9749a22bb7ae28a8236068e70dc0a6ac7cd610bc82ac07d24bd47d4618c717d80f4b58d8bd000c37f1249092561c972ad307da94844eb4f1529a8f68af88f120e41eb4ccb5ba0d204d8dad471711b2a4a7a84358c7b653a1ecd46e6f6a80b957e32a002003a7854f2ede979a9b4f24824209ce82d4dca4caab0c528c5ea7a1bb62a01ab7694f49fe2b97bafa625aa0a4d193ca004023a3521446956a50400694120434ff139004f02e0fa628f1ff6d42d3a9b795ce812afbc7f0d1324f4a186d66ad3679e6b2ecb9d08925cff0007a8adc0b07a6020e1a922ff00756e31a8f295207bc6d417376aa5ae43ad3ecc50d69a76e1d1acd27515aece8d6c0eb5801e8f9a69530cb420377d38cc340914d92a020cf3291a8ea50da2bfee57fdca4b4521a9e853a095a24ead6d43952128bcde18b9ea54837f93350938e6558cbd4ad94ecd08922270c37bd343ccba95fe91a5e61dab05dcb509847a3e102501ce9a564df86a7b7a7a490d6afb694ae25486a508e1a9a9a473ef5643dea0615e852744f7a311f36a7e5839314c74795e84d682680210242628080273a0a2ce949ca1b4da9c743a4d14c2aa59313ad6107a3e0310bbd6793a8a5f51d0ac93ed6a556555e7c254bfedea4d1b025a20fd69716e89b43a7080f777ac11ef50183a453323e546c9f8563576a8dfb12a081247556a05cab447c2b3a1d4e08720d4fcc5e55aec79d06b4f29a43730d4d69cea842e54bd53b55efe2d7fd4ad82e4d0998ac47ab852a1a5e7b8d1733d2d58d677f089c3aaf563c46e5eb3e4e96a6673adeb151d0d62d76f02c5c3dabfe657fccad83d280c8bd5a24240adea6e1e3672df9f208c8d81cd1428b155974bf5e466576a76541703d6d5966f4bd223090f8158f53c9d3804065628c069e4076260f8516ec044441d2bf5f32d0cdddbc0e0f3f53c9d387c07df95a5dbf69c0f9f98822386d4e868f1705e7ea7f0b87c07df9426b59fd99f3630ea43e0721dcf52f81c3e23efca9d963fdaad6feafe6ca3adde0727dbd4be270f88fbf284d99baacfefaf9b20b091490a3938bb8d9f52f89c3e33cad0f0772db9e6c479cf1771b9ea5f1387c679503e678653d279b16e0e2e0fa97c4e1f19e538eaebef539e979bd0cc7170dcfd4be270f84f2982389fd563ead2f9befcd13ca87c0320efea3f1387c2792d9a9c4e36a98e44268c539ee694f42f9a21737814f4bd47e03c3e13c917052306b3e6139c60a111e74bcd092252429c5e1b3ea3f1b87c2795f35f54e4b66be4f9c6079b8ac3d47274e1f09e5450712faac1e75f30f38c73efc5fc3d4fe33ca224e128c77d63d9e7182efc4a3d486cb5f01e580414f9079c2ef24e2a03cffc8fffd9),
(6, 'lekarz2', 'lekarz2', 'Lekarz', NULL),
(7, 'jaroslaw', 'jaroslaw', 'Lekarz', NULL);

--
-- Indeksy dla zrzutów tabel
--

--
-- Indeksy dla tabeli `tappdetail`
--
ALTER TABLE `tappdetail`
  ADD PRIMARY KEY (`appointment_appointmentId`);

--
-- Indeksy dla tabeli `tappointment`
--
ALTER TABLE `tappointment`
  ADD PRIMARY KEY (`appointmentId`),
  ADD KEY `FKj3f9pqwwwtt6cf0j77mnuostd` (`appSlot_appSlotId`),
  ADD KEY `FKk8d9t2geacd9plvn1mhje8y2w` (`patient_patientId`);

--
-- Indeksy dla tabeli `tappslot`
--
ALTER TABLE `tappslot`
  ADD PRIMARY KEY (`appSlotId`),
  ADD KEY `FKepgm2gon1x7ys782ntgcn4nmf` (`doctor_doctorId`);

--
-- Indeksy dla tabeli `tdoctor`
--
ALTER TABLE `tdoctor`
  ADD PRIMARY KEY (`doctorId`),
  ADD KEY `FKmkesnxyvsuv7u5hswk9bkxouw` (`speciality_specialityId`),
  ADD KEY `FK3wq9ggq2t51ltp18ruj83uwsw` (`user_userId`);

--
-- Indeksy dla tabeli `tdoctorlist`
--
ALTER TABLE `tdoctorlist`
  ADD PRIMARY KEY (`doctorListId`),
  ADD KEY `FKcv0imwk0h7y2tvqejoj8lsdyl` (`doctor_doctorId`),
  ADD KEY `FKt4rbao5n1plumsb6qbcfhry9d` (`patient_patientId`);

--
-- Indeksy dla tabeli `tdoctorschedule`
--
ALTER TABLE `tdoctorschedule`
  ADD PRIMARY KEY (`doctorScheduleId`),
  ADD KEY `FK10kvbg4foh1w099opkmfmehp0` (`doctor_doctorId`),
  ADD KEY `FKimshjt8h560nns1txif4d6qnu` (`office_officeId`);

--
-- Indeksy dla tabeli `toffice`
--
ALTER TABLE `toffice`
  ADD PRIMARY KEY (`officeId`);

--
-- Indeksy dla tabeli `tpatient`
--
ALTER TABLE `tpatient`
  ADD PRIMARY KEY (`patientId`),
  ADD KEY `FKr7hbwl50jbg22i6tlfnhxra5q` (`user_userId`);

--
-- Indeksy dla tabeli `tspeciality`
--
ALTER TABLE `tspeciality`
  ADD PRIMARY KEY (`specialityId`);

--
-- Indeksy dla tabeli `tuser`
--
ALTER TABLE `tuser`
  ADD PRIMARY KEY (`userId`);

--
-- AUTO_INCREMENT dla zrzuconych tabel
--

--
-- AUTO_INCREMENT dla tabeli `tappointment`
--
ALTER TABLE `tappointment`
  MODIFY `appointmentId` int(11) NOT NULL AUTO_INCREMENT, AUTO_INCREMENT=5;

--
-- AUTO_INCREMENT dla tabeli `tappslot`
--
ALTER TABLE `tappslot`
  MODIFY `appSlotId` int(11) NOT NULL AUTO_INCREMENT, AUTO_INCREMENT=20;

--
-- AUTO_INCREMENT dla tabeli `tdoctor`
--
ALTER TABLE `tdoctor`
  MODIFY `doctorId` int(11) NOT NULL AUTO_INCREMENT, AUTO_INCREMENT=5;

--
-- AUTO_INCREMENT dla tabeli `tdoctorlist`
--
ALTER TABLE `tdoctorlist`
  MODIFY `doctorListId` int(11) NOT NULL AUTO_INCREMENT, AUTO_INCREMENT=4;

--
-- AUTO_INCREMENT dla tabeli `tdoctorschedule`
--
ALTER TABLE `tdoctorschedule`
  MODIFY `doctorScheduleId` int(11) NOT NULL AUTO_INCREMENT, AUTO_INCREMENT=14;

--
-- AUTO_INCREMENT dla tabeli `toffice`
--
ALTER TABLE `toffice`
  MODIFY `officeId` int(11) NOT NULL AUTO_INCREMENT, AUTO_INCREMENT=9;

--
-- AUTO_INCREMENT dla tabeli `tpatient`
--
ALTER TABLE `tpatient`
  MODIFY `patientId` int(11) NOT NULL AUTO_INCREMENT, AUTO_INCREMENT=5;

--
-- AUTO_INCREMENT dla tabeli `tspeciality`
--
ALTER TABLE `tspeciality`
  MODIFY `specialityId` int(11) NOT NULL AUTO_INCREMENT, AUTO_INCREMENT=9;

--
-- AUTO_INCREMENT dla tabeli `tuser`
--
ALTER TABLE `tuser`
  MODIFY `userId` int(11) NOT NULL AUTO_INCREMENT, AUTO_INCREMENT=10;
COMMIT;

/*!40101 SET CHARACTER_SET_CLIENT=@OLD_CHARACTER_SET_CLIENT */;
/*!40101 SET CHARACTER_SET_RESULTS=@OLD_CHARACTER_SET_RESULTS */;
/*!40101 SET COLLATION_CONNECTION=@OLD_COLLATION_CONNECTION */;
